2024-05-09T20:31:22.144+09:00,codjs,KeyEvent,65535:17:2,C++Programming,Editor,D:/PNU_2-1/C++Programming/HW/063_MystringClass/String.h,,3,0,Changes
2024-05-09T20:31:22.264+09:00,codjs,KeyEvent,22:86:2,C++Programming,Editor,D:/PNU_2-1/C++Programming/HW/063_MystringClass/String.h,,26,0,Changes
2024-05-09T20:31:36.115+09:00,codjs,KeyEvent,65535:18:8,C++Programming,Editor,D:/PNU_2-1/C++Programming/HW/063_MystringClass/main.cpp,,0,0,Changes
2024-05-09T20:31:36.206+09:00,codjs,KeyEvent,65535:37:8,C++Programming,Editor,D:/PNU_2-1/C++Programming/HW/063_MystringClass/main.cpp,,0,0,Changes
2024-05-09T20:31:37.392+09:00,codjs,KeyEvent,65535:39:8,C++Programming,Editor,D:/PNU_2-1/C++Programming/HW/063_MystringClass/String.cpp,,0,0,Changes
2024-05-09T20:31:41.494+09:00,codjs,KeyEvent,65535:39:8,C++Programming,Editor,D:/PNU_2-1/C++Programming/HW/063_MystringClass/main.cpp,,0,0,Changes
2024-05-09T20:31:41.881+09:00,codjs,KeyEvent,65535:37:8,C++Programming,Editor,D:/PNU_2-1/C++Programming/HW/063_MystringClass/String.h,,26,0,Changes
2024-05-09T20:31:51.017+09:00,codjs,KeyEvent,65535:17:2,C++Programming,Editor,D:/PNU_2-1/C++Programming/HW/063_MystringClass/main.cpp,,3,0,Changes
2024-05-09T20:31:51.268+09:00,codjs,KeyEvent,22:86:2,C++Programming,Editor,D:/PNU_2-1/C++Programming/HW/063_MystringClass/main.cpp,,74,1,Changes
2024-05-09T20:31:52.074+09:00,codjs,KeyEvent,65535:17:2,C++Programming,Editor,D:/PNU_2-1/C++Programming/HW/063_MystringClass/main.cpp,,74,1,Changes
2024-05-09T20:31:59.285+09:00,codjs,KeyEvent,65535:18:8,C++Programming,Editor,D:/PNU_2-1/C++Programming/HW/063_MystringClass/main.cpp,,74,1,Changes
2024-05-09T20:31:59.361+09:00,codjs,KeyEvent,65535:39:8,C++Programming,Editor,D:/PNU_2-1/C++Programming/HW/063_MystringClass/main.cpp,,74,1,Changes
2024-05-09T20:32:01.591+09:00,codjs,KeyEvent,65535:37:8,C++Programming,Editor,D:/PNU_2-1/C++Programming/HW/063_MystringClass/String.h,,26,0,Changes
2024-05-09T20:32:01.799+09:00,codjs,KeyEvent,65535:37:8,C++Programming,Editor,D:/PNU_2-1/C++Programming/HW/063_MystringClass/main.cpp,,74,1,Changes
2024-05-09T20:32:08.688+09:00,codjs,KeyEvent,65535:18:8,C++Programming,Editor,D:/PNU_2-1/C++Programming/HW/063_MystringClass/String.h,,26,0,Changes
2024-05-09T20:32:08.850+09:00,codjs,KeyEvent,65535:37:8,C++Programming,Editor,D:/PNU_2-1/C++Programming/HW/063_MystringClass/String.h,,26,0,Changes
2024-05-09T20:32:09.488+09:00,codjs,KeyEvent,65535:39:8,C++Programming,Editor,D:/PNU_2-1/C++Programming/HW/063_MystringClass/String.cpp,,0,0,Changes
2024-05-09T20:32:10.805+09:00,codjs,KeyEvent,65535:37:8,C++Programming,Editor,D:/PNU_2-1/C++Programming/HW/063_MystringClass/String.h,,26,0,Changes
2024-05-09T20:32:13.736+09:00,codjs,KeyEvent,65535:18:8,C++Programming,Editor,D:/PNU_2-1/C++Programming/HW/063_MystringClass/String.h,,26,0,Changes
2024-05-09T20:32:13.924+09:00,codjs,KeyEvent,65535:39:8,C++Programming,Editor,D:/PNU_2-1/C++Programming/HW/063_MystringClass/String.h,,26,0,Changes
2024-05-09T20:32:14.791+09:00,codjs,KeyEvent,65535:37:8,C++Programming,Editor,D:/PNU_2-1/C++Programming/HW/063_MystringClass/String.cpp,,0,0,Changes
2024-05-09T20:32:14.991+09:00,codjs,KeyEvent,65535:39:8,C++Programming,Editor,D:/PNU_2-1/C++Programming/HW/063_MystringClass/String.h,,26,0,Changes
2024-05-09T20:32:15.476+09:00,codjs,KeyEvent,65535:40:0,C++Programming,Editor,D:/PNU_2-1/C++Programming/HW/063_MystringClass/String.cpp,,1,0,Changes
2024-05-09T20:32:15.638+09:00,codjs,KeyEvent,65535:40:0,C++Programming,Editor,D:/PNU_2-1/C++Programming/HW/063_MystringClass/String.cpp,,2,0,Changes
2024-05-09T20:32:15.782+09:00,codjs,KeyEvent,65535:40:0,C++Programming,Editor,D:/PNU_2-1/C++Programming/HW/063_MystringClass/String.cpp,,3,0,Changes
2024-05-09T20:32:16.577+09:00,codjs,KeyEvent,65535:16:1,C++Programming,Editor,D:/PNU_2-1/C++Programming/HW/063_MystringClass/String.cpp,,3,0,Changes
2024-05-09T20:32:17.184+09:00,codjs,KeyEvent,99:67:0,C++Programming,Editor,D:/PNU_2-1/C++Programming/HW/063_MystringClass/String.cpp,,3,0,Changes
2024-05-09T20:32:17.282+09:00,codjs,KeyEvent,108:76:0,C++Programming,Editor,D:/PNU_2-1/C++Programming/HW/063_MystringClass/String.cpp,,3,1,Changes
2024-05-09T20:32:17.349+09:00,codjs,KeyEvent,97:65:0,C++Programming,Editor,D:/PNU_2-1/C++Programming/HW/063_MystringClass/String.cpp,,3,2,Changes
2024-05-09T20:32:17.516+09:00,codjs,KeyEvent,115:83:0,C++Programming,Editor,D:/PNU_2-1/C++Programming/HW/063_MystringClass/String.cpp,,3,3,Changes
2024-05-09T20:32:17.700+09:00,codjs,KeyEvent,115:83:0,C++Programming,Editor,D:/PNU_2-1/C++Programming/HW/063_MystringClass/String.cpp,,3,4,Changes
2024-05-09T20:32:17.859+09:00,codjs,KeyEvent,32:32:0,C++Programming,Editor,D:/PNU_2-1/C++Programming/HW/063_MystringClass/String.cpp,,3,5,Changes
2024-05-09T20:32:17.950+09:00,codjs,KeyEvent,65535:16:1,C++Programming,Editor,D:/PNU_2-1/C++Programming/HW/063_MystringClass/String.cpp,,3,6,Changes
2024-05-09T20:32:18.076+09:00,codjs,KeyEvent,83:83:1,C++Programming,Editor,D:/PNU_2-1/C++Programming/HW/063_MystringClass/String.cpp,,3,6,Changes
2024-05-09T20:32:18.218+09:00,codjs,KeyEvent,84:84:1,C++Programming,Editor,D:/PNU_2-1/C++Programming/HW/063_MystringClass/String.cpp,,3,7,Changes
2024-05-09T20:32:18.418+09:00,codjs,KeyEvent,114:82:0,C++Programming,Editor,D:/PNU_2-1/C++Programming/HW/063_MystringClass/String.cpp,,3,8,Changes
2024-05-09T20:32:18.483+09:00,codjs,KeyEvent,105:73:0,C++Programming,Editor,D:/PNU_2-1/C++Programming/HW/063_MystringClass/String.cpp,,3,9,Changes
2024-05-09T20:32:18.778+09:00,codjs,KeyEvent,8:8:0,C++Programming,Editor,D:/PNU_2-1/C++Programming/HW/063_MystringClass/String.cpp,,3,9,Changes
2024-05-09T20:32:18.929+09:00,codjs,KeyEvent,8:8:0,C++Programming,Editor,D:/PNU_2-1/C++Programming/HW/063_MystringClass/String.cpp,,3,8,Changes
2024-05-09T20:32:19.067+09:00,codjs,KeyEvent,8:8:0,C++Programming,Editor,D:/PNU_2-1/C++Programming/HW/063_MystringClass/String.cpp,,3,7,Changes
2024-05-09T20:32:19.231+09:00,codjs,KeyEvent,116:84:0,C++Programming,Editor,D:/PNU_2-1/C++Programming/HW/063_MystringClass/String.cpp,,3,7,Changes
2024-05-09T20:32:19.423+09:00,codjs,KeyEvent,114:82:0,C++Programming,Editor,D:/PNU_2-1/C++Programming/HW/063_MystringClass/String.cpp,,3,8,Changes
2024-05-09T20:32:19.495+09:00,codjs,KeyEvent,105:73:0,C++Programming,Editor,D:/PNU_2-1/C++Programming/HW/063_MystringClass/String.cpp,,3,9,Changes
2024-05-09T20:32:19.561+09:00,codjs,KeyEvent,110:78:0,C++Programming,Editor,D:/PNU_2-1/C++Programming/HW/063_MystringClass/String.cpp,,3,10,Changes
2024-05-09T20:32:19.606+09:00,codjs,KeyEvent,103:71:0,C++Programming,Editor,D:/PNU_2-1/C++Programming/HW/063_MystringClass/String.cpp,,3,11,Changes
2024-05-09T20:32:19.800+09:00,codjs,KeyEvent,32:32:0,C++Programming,Editor,D:/PNU_2-1/C++Programming/HW/063_MystringClass/String.cpp,,3,12,Changes
2024-05-09T20:32:21.499+09:00,codjs,KeyEvent,65535:16:1,C++Programming,Editor,D:/PNU_2-1/C++Programming/HW/063_MystringClass/String.cpp,,3,13,Changes
2024-05-09T20:32:21.573+09:00,codjs,KeyEvent,123:91:1,C++Programming,Editor,D:/PNU_2-1/C++Programming/HW/063_MystringClass/String.cpp,,3,13,Changes
2024-05-09T20:32:23.091+09:00,codjs,KeyEvent,10:10:0,C++Programming,Editor,D:/PNU_2-1/C++Programming/HW/063_MystringClass/String.cpp,,4,4,Changes
2024-05-09T20:32:23.675+09:00,codjs,KeyEvent,65535:18:8,C++Programming,Editor,D:/PNU_2-1/C++Programming/HW/063_MystringClass/String.cpp,,4,4,Changes
2024-05-09T20:32:23.751+09:00,codjs,KeyEvent,65535:39:8,C++Programming,Editor,D:/PNU_2-1/C++Programming/HW/063_MystringClass/String.cpp,,4,4,Changes
2024-05-09T20:32:24.068+09:00,codjs,KeyEvent,65535:37:8,C++Programming,Editor,D:/PNU_2-1/C++Programming/HW/063_MystringClass/main.cpp,,74,1,Changes
2024-05-09T20:32:24.214+09:00,codjs,KeyEvent,65535:37:8,C++Programming,Editor,D:/PNU_2-1/C++Programming/HW/063_MystringClass/String.cpp,,4,4,Changes
2024-05-09T20:37:46.460+09:00,codjs,KeyEvent,115:83:0,C++Programming,Editor,D:/PNU_2-1/C++Programming/HW/063_MystringClass/String.cpp,,4,0,Changes
2024-05-09T20:37:47.284+09:00,codjs,KeyEvent,8:8:0,C++Programming,Editor,D:/PNU_2-1/C++Programming/HW/063_MystringClass/String.cpp,,4,0,Changes
2024-05-09T20:37:47.286+09:00,codjs,KeyEvent,65535:16:1,C++Programming,Editor,D:/PNU_2-1/C++Programming/HW/063_MystringClass/String.cpp,,4,0,Changes
2024-05-09T20:37:47.289+09:00,codjs,KeyEvent,83:83:1,C++Programming,Editor,D:/PNU_2-1/C++Programming/HW/063_MystringClass/String.cpp,,4,0,Changes
2024-05-09T20:37:48.216+09:00,codjs,KeyEvent,9:9:0,C++Programming,Editor,D:/PNU_2-1/C++Programming/HW/063_MystringClass/String.cpp,,4,6,Changes
2024-05-09T20:37:51.430+09:00,codjs,KeyEvent,65535:16:1,C++Programming,Editor,D:/PNU_2-1/C++Programming/HW/063_MystringClass/String.cpp,,4,6,Changes
2024-05-09T20:37:51.724+09:00,codjs,KeyEvent,40:57:1,C++Programming,Editor,D:/PNU_2-1/C++Programming/HW/063_MystringClass/String.cpp,,4,6,Changes
2024-05-09T20:37:52.700+09:00,codjs,KeyEvent,65535:18:8,C++Programming,Editor,D:/PNU_2-1/C++Programming/HW/063_MystringClass/String.cpp,,4,7,Changes
2024-05-09T20:37:52.776+09:00,codjs,KeyEvent,65535:37:8,C++Programming,Editor,D:/PNU_2-1/C++Programming/HW/063_MystringClass/String.cpp,,4,7,Changes
2024-05-09T20:37:53.645+09:00,codjs,KeyEvent,65535:39:8,C++Programming,Editor,D:/PNU_2-1/C++Programming/HW/063_MystringClass/String.h,,26,0,Changes
2024-05-09T20:37:54.022+09:00,codjs,KeyEvent,65535:37:8,C++Programming,Editor,D:/PNU_2-1/C++Programming/HW/063_MystringClass/String.cpp,,4,7,Changes
2024-05-09T20:37:56.745+09:00,codjs,KeyEvent,65535:18:8,C++Programming,Editor,D:/PNU_2-1/C++Programming/HW/063_MystringClass/String.h,,26,0,Changes
2024-05-09T20:37:56.863+09:00,codjs,KeyEvent,65535:39:8,C++Programming,Editor,D:/PNU_2-1/C++Programming/HW/063_MystringClass/String.h,,26,0,Changes
2024-05-09T20:37:58.090+09:00,codjs,KeyEvent,65535:18:8,C++Programming,Editor,D:/PNU_2-1/C++Programming/HW/063_MystringClass/String.cpp,,4,7,Changes
2024-05-09T20:37:58.205+09:00,codjs,KeyEvent,65535:37:8,C++Programming,Editor,D:/PNU_2-1/C++Programming/HW/063_MystringClass/String.cpp,,4,7,Changes
2024-05-09T20:37:59.454+09:00,codjs,KeyEvent,65535:39:8,C++Programming,Editor,D:/PNU_2-1/C++Programming/HW/063_MystringClass/String.h,,26,0,Changes
2024-05-09T20:38:00.256+09:00,codjs,KeyEvent,65535:39:0,C++Programming,Editor,D:/PNU_2-1/C++Programming/HW/063_MystringClass/String.cpp,,4,8,Changes
2024-05-09T20:38:01.526+09:00,codjs,KeyEvent,65535:16:1,C++Programming,Editor,D:/PNU_2-1/C++Programming/HW/063_MystringClass/String.cpp,,4,8,Changes
2024-05-09T20:38:01.638+09:00,codjs,KeyEvent,80:80:1,C++Programming,Editor,D:/PNU_2-1/C++Programming/HW/063_MystringClass/String.cpp,,4,8,Changes
2024-05-09T20:38:02.295+09:00,codjs,KeyEvent,8:8:0,C++Programming,Editor,D:/PNU_2-1/C++Programming/HW/063_MystringClass/String.cpp,,4,8,Changes
2024-05-09T20:38:02.455+09:00,codjs,KeyEvent,65535:16:1,C++Programming,Editor,D:/PNU_2-1/C++Programming/HW/063_MystringClass/String.cpp,,4,8,Changes
2024-05-09T20:38:02.918+09:00,codjs,KeyEvent,123:91:1,C++Programming,Editor,D:/PNU_2-1/C++Programming/HW/063_MystringClass/String.cpp,,4,8,Changes
2024-05-09T20:38:04.382+09:00,codjs,KeyEvent,65535:39:0,C++Programming,Editor,D:/PNU_2-1/C++Programming/HW/063_MystringClass/String.cpp,,4,10,Changes
2024-05-09T20:38:06.064+09:00,codjs,KeyEvent,65535:37:0,C++Programming,Editor,D:/PNU_2-1/C++Programming/HW/063_MystringClass/String.cpp,,4,9,Changes
2024-05-09T20:38:06.364+09:00,codjs,KeyEvent,65535:37:0,C++Programming,Editor,D:/PNU_2-1/C++Programming/HW/063_MystringClass/String.cpp,,4,8,Changes
2024-05-09T20:38:06.625+09:00,codjs,KeyEvent,65535:37:0,C++Programming,Editor,D:/PNU_2-1/C++Programming/HW/063_MystringClass/String.cpp,,4,7,Changes
2024-05-09T20:38:06.750+09:00,codjs,KeyEvent,65535:37:0,C++Programming,Editor,D:/PNU_2-1/C++Programming/HW/063_MystringClass/String.cpp,,4,6,Changes
2024-05-09T20:38:06.896+09:00,codjs,KeyEvent,65535:37:0,C++Programming,Editor,D:/PNU_2-1/C++Programming/HW/063_MystringClass/String.cpp,,4,5,Changes
2024-05-09T20:38:07.055+09:00,codjs,KeyEvent,65535:37:0,C++Programming,Editor,D:/PNU_2-1/C++Programming/HW/063_MystringClass/String.cpp,,4,4,Changes
2024-05-09T20:38:07.211+09:00,codjs,KeyEvent,65535:37:0,C++Programming,Editor,D:/PNU_2-1/C++Programming/HW/063_MystringClass/String.cpp,,4,3,Changes
2024-05-09T20:38:07.362+09:00,codjs,KeyEvent,65535:37:0,C++Programming,Editor,D:/PNU_2-1/C++Programming/HW/063_MystringClass/String.cpp,,4,2,Changes
2024-05-09T20:38:07.512+09:00,codjs,KeyEvent,65535:37:0,C++Programming,Editor,D:/PNU_2-1/C++Programming/HW/063_MystringClass/String.cpp,,4,1,Changes
2024-05-09T20:38:07.692+09:00,codjs,KeyEvent,65535:37:0,C++Programming,Editor,D:/PNU_2-1/C++Programming/HW/063_MystringClass/String.cpp,,4,0,Changes