2024-04-11T18:37:19.559+09:00,codjs,KeyEvent,65535:17:2,C++Programming,Editor,D:/PNU_2-1/C++Programming/HW/031_WordCounter/control.cpp,,40,4,Changes
2024-04-11T18:37:20.083+09:00,codjs,KeyEvent,65535:17:2,C++Programming,Editor,D:/PNU_2-1/C++Programming/HW/031_WordCounter/control.cpp,,40,4,Changes
2024-04-11T18:37:20.134+09:00,codjs,KeyEvent,1:65:2,C++Programming,Editor,D:/PNU_2-1/C++Programming/HW/031_WordCounter/control.cpp,,40,4,Changes
2024-04-11T18:37:20.783+09:00,codjs,KeyEvent,3:67:2,C++Programming,Editor,D:/PNU_2-1/C++Programming/HW/031_WordCounter/control.cpp,,40,4,Changes
2024-04-11T18:37:36.633+09:00,codjs,KeyEvent,99:67:0,C++Programming,Popup,D:/PNU_2-1/C++Programming/HW/031_WordCounter/control.cpp,,38,15,Changes
2024-04-11T18:37:36.711+09:00,codjs,KeyEvent,111:79:0,C++Programming,Popup,D:/PNU_2-1/C++Programming/HW/031_WordCounter/control.cpp,,38,15,Changes
2024-04-11T18:37:36.789+09:00,codjs,KeyEvent,110:78:0,C++Programming,Popup,D:/PNU_2-1/C++Programming/HW/031_WordCounter/control.cpp,,38,15,Changes
2024-04-11T18:37:36.966+09:00,codjs,KeyEvent,116:84:0,C++Programming,Popup,D:/PNU_2-1/C++Programming/HW/031_WordCounter/control.cpp,,38,15,Changes
2024-04-11T18:37:37.642+09:00,codjs,KeyEvent,114:82:0,C++Programming,Popup,D:/PNU_2-1/C++Programming/HW/031_WordCounter/control.cpp,,38,15,Changes
2024-04-11T18:37:37.708+09:00,codjs,KeyEvent,111:79:0,C++Programming,Popup,D:/PNU_2-1/C++Programming/HW/031_WordCounter/control.cpp,,38,15,Changes
2024-04-11T18:37:38.026+09:00,codjs,KeyEvent,108:76:0,C++Programming,Popup,D:/PNU_2-1/C++Programming/HW/031_WordCounter/control.cpp,,38,15,Changes
2024-04-11T18:37:39.211+09:00,codjs,KeyEvent,10:10:0,C++Programming,Popup,D:/PNU_2-1/C++Programming/HW/031_WordCounter/control.cpp,,38,15,Changes
2024-04-11T18:37:42.915+09:00,codjs,KeyEvent,50:50:0,C++Programming,Popup,D:/PNU_2-1/C++Programming/HW/031_WordCounter/control.cpp,,38,15,Changes
2024-04-11T18:37:47.506+09:00,codjs,KeyEvent,65535:17:2,C++Programming,Editor,D:/PNU_2-1/C++Programming/HW/031_WordCounter/control2.cpp,,3,0,Changes
2024-04-11T18:37:48.036+09:00,codjs,KeyEvent,65535:17:2,C++Programming,Editor,D:/PNU_2-1/C++Programming/HW/031_WordCounter/control2.cpp,,3,0,Changes
2024-04-11T18:37:48.077+09:00,codjs,KeyEvent,65535:17:2,C++Programming,Editor,D:/PNU_2-1/C++Programming/HW/031_WordCounter/control2.cpp,,3,0,Changes
2024-04-11T18:37:48.104+09:00,codjs,KeyEvent,65535:17:2,C++Programming,Editor,D:/PNU_2-1/C++Programming/HW/031_WordCounter/control2.cpp,,3,0,Changes
2024-04-11T18:37:48.139+09:00,codjs,KeyEvent,65535:17:2,C++Programming,Editor,D:/PNU_2-1/C++Programming/HW/031_WordCounter/control2.cpp,,3,0,Changes
2024-04-11T18:37:48.175+09:00,codjs,KeyEvent,65535:17:2,C++Programming,Editor,D:/PNU_2-1/C++Programming/HW/031_WordCounter/control2.cpp,,3,0,Changes
2024-04-11T18:37:48.207+09:00,codjs,KeyEvent,65535:17:2,C++Programming,Editor,D:/PNU_2-1/C++Programming/HW/031_WordCounter/control2.cpp,,3,0,Changes
2024-04-11T18:37:48.242+09:00,codjs,KeyEvent,65535:17:2,C++Programming,Editor,D:/PNU_2-1/C++Programming/HW/031_WordCounter/control2.cpp,,3,0,Changes
2024-04-11T18:37:48.275+09:00,codjs,KeyEvent,65535:17:2,C++Programming,Editor,D:/PNU_2-1/C++Programming/HW/031_WordCounter/control2.cpp,,3,0,Changes
2024-04-11T18:37:48.307+09:00,codjs,KeyEvent,65535:17:2,C++Programming,Editor,D:/PNU_2-1/C++Programming/HW/031_WordCounter/control2.cpp,,3,0,Changes
2024-04-11T18:37:48.342+09:00,codjs,KeyEvent,65535:17:2,C++Programming,Editor,D:/PNU_2-1/C++Programming/HW/031_WordCounter/control2.cpp,,3,0,Changes
2024-04-11T18:37:48.375+09:00,codjs,KeyEvent,65535:17:2,C++Programming,Editor,D:/PNU_2-1/C++Programming/HW/031_WordCounter/control2.cpp,,3,0,Changes
2024-04-11T18:37:48.410+09:00,codjs,KeyEvent,65535:17:2,C++Programming,Editor,D:/PNU_2-1/C++Programming/HW/031_WordCounter/control2.cpp,,3,0,Changes
2024-04-11T18:37:48.441+09:00,codjs,KeyEvent,65535:17:2,C++Programming,Editor,D:/PNU_2-1/C++Programming/HW/031_WordCounter/control2.cpp,,3,0,Changes
2024-04-11T18:37:48.477+09:00,codjs,KeyEvent,65535:17:2,C++Programming,Editor,D:/PNU_2-1/C++Programming/HW/031_WordCounter/control2.cpp,,3,0,Changes
2024-04-11T18:37:48.511+09:00,codjs,KeyEvent,65535:17:2,C++Programming,Editor,D:/PNU_2-1/C++Programming/HW/031_WordCounter/control2.cpp,,3,0,Changes
2024-04-11T18:37:48.543+09:00,codjs,KeyEvent,65535:17:2,C++Programming,Editor,D:/PNU_2-1/C++Programming/HW/031_WordCounter/control2.cpp,,3,0,Changes
2024-04-11T18:37:48.579+09:00,codjs,KeyEvent,65535:17:2,C++Programming,Editor,D:/PNU_2-1/C++Programming/HW/031_WordCounter/control2.cpp,,3,0,Changes
2024-04-11T18:37:48.613+09:00,codjs,KeyEvent,65535:17:2,C++Programming,Editor,D:/PNU_2-1/C++Programming/HW/031_WordCounter/control2.cpp,,3,0,Changes
2024-04-11T18:37:48.648+09:00,codjs,KeyEvent,65535:17:2,C++Programming,Editor,D:/PNU_2-1/C++Programming/HW/031_WordCounter/control2.cpp,,3,0,Changes
2024-04-11T18:37:48.679+09:00,codjs,KeyEvent,65535:17:2,C++Programming,Editor,D:/PNU_2-1/C++Programming/HW/031_WordCounter/control2.cpp,,3,0,Changes
2024-04-11T18:37:48.716+09:00,codjs,KeyEvent,65535:17:2,C++Programming,Editor,D:/PNU_2-1/C++Programming/HW/031_WordCounter/control2.cpp,,3,0,Changes
2024-04-11T18:37:48.828+09:00,codjs,KeyEvent,22:86:2,C++Programming,Editor,D:/PNU_2-1/C++Programming/HW/031_WordCounter/control2.cpp,,72,0,Changes
2024-04-11T18:37:49.479+09:00,codjs,KeyEvent,19:83:2,C++Programming,Editor,D:/PNU_2-1/C++Programming/HW/031_WordCounter/control2.cpp,,72,0,Changes
2024-04-11T18:37:51.642+09:00,codjs,KeyEvent,65535:17:2,C++Programming,Editor,D:/PNU_2-1/C++Programming/HW/031_WordCounter/control2.cpp,,54,23,Changes
2024-04-11T18:37:52.112+09:00,codjs,KeyEvent,65535:17:2,C++Programming,Editor,D:/PNU_2-1/C++Programming/HW/031_WordCounter/control2.cpp,,54,23,Changes
2024-04-11T18:37:52.207+09:00,codjs,KeyEvent,65535:16:3,C++Programming,Editor,D:/PNU_2-1/C++Programming/HW/031_WordCounter/control2.cpp,,54,23,Changes
2024-04-11T18:37:52.318+09:00,codjs,KeyEvent,65535:121:3,C++Programming,Editor,D:/PNU_2-1/C++Programming/HW/031_WordCounter/control2.cpp,,54,23,Changes
2024-04-11T18:38:03.627+09:00,codjs,KeyEvent,65535:17:2,C++Programming,Editor,D:/PNU_2-1/C++Programming/HW/031_WordCounter/control2.cpp,,54,23,Changes
2024-04-11T18:38:03.791+09:00,codjs,KeyEvent,22:86:2,C++Programming,Editor,D:/PNU_2-1/C++Programming/HW/031_WordCounter/control2.cpp,,54,23,Changes
2024-04-11T18:38:04.896+09:00,codjs,KeyEvent,10:10:0,C++Programming,Editor,D:/PNU_2-1/C++Programming/HW/031_WordCounter/control2.cpp,,54,23,Changes
2024-04-11T18:38:07.143+09:00,codjs,KeyEvent,116:84:0,C++Programming,Editor,D:/PNU_2-1/C++Programming/HW/031_WordCounter/control2.cpp,,54,23,Changes
2024-04-11T18:38:07.201+09:00,codjs,KeyEvent,104:72:0,C++Programming,Editor,D:/PNU_2-1/C++Programming/HW/031_WordCounter/control2.cpp,,54,23,Changes
2024-04-11T18:38:07.358+09:00,codjs,KeyEvent,101:69:0,C++Programming,Editor,D:/PNU_2-1/C++Programming/HW/031_WordCounter/control2.cpp,,54,23,Changes
2024-04-11T18:38:07.617+09:00,codjs,KeyEvent,10:10:0,C++Programming,Editor,D:/PNU_2-1/C++Programming/HW/031_WordCounter/control2.cpp,,54,23,Changes
2024-04-11T18:38:09.276+09:00,codjs,KeyEvent,116:84:0,C++Programming,Editor,D:/PNU_2-1/C++Programming/HW/031_WordCounter/control2.cpp,,54,23,Changes
2024-04-11T18:38:09.318+09:00,codjs,KeyEvent,111:79:0,C++Programming,Editor,D:/PNU_2-1/C++Programming/HW/031_WordCounter/control2.cpp,,54,23,Changes
2024-04-11T18:38:09.529+09:00,codjs,KeyEvent,10:10:0,C++Programming,Editor,D:/PNU_2-1/C++Programming/HW/031_WordCounter/control2.cpp,,54,23,Changes
2024-04-11T18:38:09.985+09:00,codjs,KeyEvent,111:79:0,C++Programming,Editor,D:/PNU_2-1/C++Programming/HW/031_WordCounter/control2.cpp,,54,23,Changes
2024-04-11T18:38:10.082+09:00,codjs,KeyEvent,102:70:0,C++Programming,Editor,D:/PNU_2-1/C++Programming/HW/031_WordCounter/control2.cpp,,54,23,Changes
2024-04-11T18:38:10.265+09:00,codjs,KeyEvent,10:10:0,C++Programming,Editor,D:/PNU_2-1/C++Programming/HW/031_WordCounter/control2.cpp,,54,23,Changes
2024-04-11T18:38:12.090+09:00,codjs,KeyEvent,104:72:0,C++Programming,Editor,D:/PNU_2-1/C++Programming/HW/031_WordCounter/control2.cpp,,54,23,Changes
2024-04-11T18:38:12.178+09:00,codjs,KeyEvent,101:69:0,C++Programming,Editor,D:/PNU_2-1/C++Programming/HW/031_WordCounter/control2.cpp,,54,23,Changes
2024-04-11T18:38:12.339+09:00,codjs,KeyEvent,10:10:0,C++Programming,Editor,D:/PNU_2-1/C++Programming/HW/031_WordCounter/control2.cpp,,54,23,Changes
2024-04-11T18:38:13.334+09:00,codjs,KeyEvent,104:72:0,C++Programming,Editor,D:/PNU_2-1/C++Programming/HW/031_WordCounter/control2.cpp,,54,23,Changes
2024-04-11T18:38:13.423+09:00,codjs,KeyEvent,105:73:0,C++Programming,Editor,D:/PNU_2-1/C++Programming/HW/031_WordCounter/control2.cpp,,54,23,Changes
2024-04-11T18:38:13.642+09:00,codjs,KeyEvent,115:83:0,C++Programming,Editor,D:/PNU_2-1/C++Programming/HW/031_WordCounter/control2.cpp,,54,23,Changes
2024-04-11T18:38:13.870+09:00,codjs,KeyEvent,10:10:0,C++Programming,Editor,D:/PNU_2-1/C++Programming/HW/031_WordCounter/control2.cpp,,54,23,Changes
2024-04-11T18:38:14.368+09:00,codjs,KeyEvent,65535:16:1,C++Programming,Editor,D:/PNU_2-1/C++Programming/HW/031_WordCounter/control2.cpp,,54,23,Changes
2024-04-11T18:38:14.690+09:00,codjs,KeyEvent,80:80:1,C++Programming,Editor,D:/PNU_2-1/C++Programming/HW/031_WordCounter/control2.cpp,,54,23,Changes
2024-04-11T18:38:14.783+09:00,codjs,KeyEvent,78:78:1,C++Programming,Editor,D:/PNU_2-1/C++Programming/HW/031_WordCounter/control2.cpp,,54,23,Changes
2024-04-11T18:38:14.991+09:00,codjs,KeyEvent,85:85:1,C++Programming,Editor,D:/PNU_2-1/C++Programming/HW/031_WordCounter/control2.cpp,,54,23,Changes
2024-04-11T18:38:15.283+09:00,codjs,KeyEvent,10:10:0,C++Programming,Editor,D:/PNU_2-1/C++Programming/HW/031_WordCounter/control2.cpp,,54,23,Changes
2024-04-11T18:38:16.189+09:00,codjs,KeyEvent,65535:16:1,C++Programming,Editor,D:/PNU_2-1/C++Programming/HW/031_WordCounter/control2.cpp,,54,23,Changes
2024-04-11T18:38:17.015+09:00,codjs,KeyEvent,65535:16:1,C++Programming,Editor,D:/PNU_2-1/C++Programming/HW/031_WordCounter/control2.cpp,,54,23,Changes
2024-04-11T18:38:17.228+09:00,codjs,KeyEvent,81:81:1,C++Programming,Editor,D:/PNU_2-1/C++Programming/HW/031_WordCounter/control2.cpp,,54,23,Changes
2024-04-11T18:38:17.318+09:00,codjs,KeyEvent,85:85:1,C++Programming,Editor,D:/PNU_2-1/C++Programming/HW/031_WordCounter/control2.cpp,,54,23,Changes
2024-04-11T18:38:17.385+09:00,codjs,KeyEvent,73:73:1,C++Programming,Editor,D:/PNU_2-1/C++Programming/HW/031_WordCounter/control2.cpp,,54,23,Changes
2024-04-11T18:38:17.520+09:00,codjs,KeyEvent,84:84:1,C++Programming,Editor,D:/PNU_2-1/C++Programming/HW/031_WordCounter/control2.cpp,,54,23,Changes
2024-04-11T18:38:17.851+09:00,codjs,KeyEvent,10:10:0,C++Programming,Editor,D:/PNU_2-1/C++Programming/HW/031_WordCounter/control2.cpp,,54,23,Changes
2024-04-11T18:38:56.174+09:00,codjs,KeyEvent,99:67:0,C++Programming,Popup,D:/PNU_2-1/C++Programming/Prac/Prac06/056_This/StringSplitter.cpp,,14,36,Changes
2024-04-11T18:38:56.226+09:00,codjs,KeyEvent,111:79:0,C++Programming,Popup,D:/PNU_2-1/C++Programming/Prac/Prac06/056_This/StringSplitter.cpp,,14,36,Changes
2024-04-11T18:38:56.291+09:00,codjs,KeyEvent,110:78:0,C++Programming,Popup,D:/PNU_2-1/C++Programming/Prac/Prac06/056_This/StringSplitter.cpp,,14,36,Changes
2024-04-11T18:38:56.839+09:00,codjs,KeyEvent,116:84:0,C++Programming,Popup,D:/PNU_2-1/C++Programming/Prac/Prac06/056_This/StringSplitter.cpp,,14,36,Changes
2024-04-11T18:38:56.988+09:00,codjs,KeyEvent,114:82:0,C++Programming,Popup,D:/PNU_2-1/C++Programming/Prac/Prac06/056_This/StringSplitter.cpp,,14,36,Changes
2024-04-11T18:38:57.040+09:00,codjs,KeyEvent,111:79:0,C++Programming,Popup,D:/PNU_2-1/C++Programming/Prac/Prac06/056_This/StringSplitter.cpp,,14,36,Changes
2024-04-11T18:38:57.261+09:00,codjs,KeyEvent,108:76:0,C++Programming,Popup,D:/PNU_2-1/C++Programming/Prac/Prac06/056_This/StringSplitter.cpp,,14,36,Changes
2024-04-11T18:38:58.193+09:00,codjs,KeyEvent,10:10:0,C++Programming,Popup,D:/PNU_2-1/C++Programming/Prac/Prac06/056_This/StringSplitter.cpp,,14,36,Changes
