2024-06-14T15:25:25.319+09:00,codjs,KeyEvent,32:32:0,C++Programming,Editor,D:/PNU_2-1/C++Programming/HW/092_IOrganization/Organization.h,,19,58,Changes
2024-06-14T15:25:25.947+09:00,codjs,KeyEvent,111:79:0,C++Programming,Editor,D:/PNU_2-1/C++Programming/HW/092_IOrganization/Organization.h,,19,59,Changes
2024-06-14T15:25:26.062+09:00,codjs,KeyEvent,118:86:0,C++Programming,Editor,D:/PNU_2-1/C++Programming/HW/092_IOrganization/Organization.h,,19,60,Changes
2024-06-14T15:25:26.251+09:00,codjs,KeyEvent,101:69:0,C++Programming,Editor,D:/PNU_2-1/C++Programming/HW/092_IOrganization/Organization.h,,19,61,Changes
2024-06-14T15:25:26.433+09:00,codjs,KeyEvent,114:82:0,C++Programming,Editor,D:/PNU_2-1/C++Programming/HW/092_IOrganization/Organization.h,,19,62,Changes
2024-06-14T15:25:26.882+09:00,codjs,KeyEvent,9:9:0,C++Programming,Editor,D:/PNU_2-1/C++Programming/HW/092_IOrganization/Organization.h,,19,67,Changes
2024-06-14T15:25:27.607+09:00,codjs,KeyEvent,32:32:0,C++Programming,Editor,D:/PNU_2-1/C++Programming/HW/092_IOrganization/Organization.h,,19,67,Changes
2024-06-14T15:25:32.016+09:00,codjs,KeyEvent,32:32:0,C++Programming,Editor,D:/PNU_2-1/C++Programming/HW/092_IOrganization/Organization.h,,16,83,Changes
2024-06-14T15:26:00.553+09:00,codjs,KeyEvent,65535:17:2,C++Programming,Editor,D:/PNU_2-1/C++Programming/HW/092_IOrganization/Organization.h,,13,17,Changes
2024-06-14T15:26:01.070+09:00,codjs,KeyEvent,65535:17:2,C++Programming,Editor,D:/PNU_2-1/C++Programming/HW/092_IOrganization/Organization.h,,13,17,Changes
2024-06-14T15:26:01.108+09:00,codjs,KeyEvent,65535:17:2,C++Programming,Editor,D:/PNU_2-1/C++Programming/HW/092_IOrganization/Organization.h,,13,17,Changes
2024-06-14T15:26:01.145+09:00,codjs,KeyEvent,3:67:2,C++Programming,Editor,D:/PNU_2-1/C++Programming/HW/092_IOrganization/Organization.h,,13,17,Changes
2024-06-14T15:26:02.278+09:00,codjs,KeyEvent,65535:17:2,C++Programming,Editor,D:/PNU_2-1/C++Programming/HW/092_IOrganization/Organization.h,,16,34,Changes
2024-06-14T15:26:02.392+09:00,codjs,KeyEvent,22:86:2,C++Programming,Editor,D:/PNU_2-1/C++Programming/HW/092_IOrganization/Organization.h,,16,51,Changes
2024-06-14T15:26:03.096+09:00,codjs,KeyEvent,65535:17:18,C++Programming,Editor,D:/PNU_2-1/C++Programming/HW/092_IOrganization/Organization.h,,19,32,Changes
2024-06-14T15:26:03.221+09:00,codjs,KeyEvent,22:86:2,C++Programming,Editor,D:/PNU_2-1/C++Programming/HW/092_IOrganization/Organization.h,,19,49,Changes
2024-06-14T15:26:06.705+09:00,codjs,KeyEvent,65535:16:1,C++Programming,Editor,D:/PNU_2-1/C++Programming/HW/092_IOrganization/Organization.h,,17,8,Changes
2024-06-14T15:26:06.820+09:00,codjs,KeyEvent,42:56:1,C++Programming,Editor,D:/PNU_2-1/C++Programming/HW/092_IOrganization/Organization.h,,17,8,Changes
2024-06-14T15:26:09.089+09:00,codjs,KeyEvent,65535:39:0,C++Programming,Editor,D:/PNU_2-1/C++Programming/HW/092_IOrganization/Organization.h,,17,10,Changes
2024-06-14T15:26:09.246+09:00,codjs,KeyEvent,65535:39:0,C++Programming,Editor,D:/PNU_2-1/C++Programming/HW/092_IOrganization/Organization.h,,17,11,Changes
2024-06-14T15:26:09.431+09:00,codjs,KeyEvent,65535:39:0,C++Programming,Editor,D:/PNU_2-1/C++Programming/HW/092_IOrganization/Organization.h,,17,12,Changes
2024-06-14T15:26:09.622+09:00,codjs,KeyEvent,65535:39:0,C++Programming,Editor,D:/PNU_2-1/C++Programming/HW/092_IOrganization/Organization.h,,17,13,Changes
2024-06-14T15:26:09.804+09:00,codjs,KeyEvent,65535:39:0,C++Programming,Editor,D:/PNU_2-1/C++Programming/HW/092_IOrganization/Organization.h,,17,14,Changes
2024-06-14T15:26:10.331+09:00,codjs,KeyEvent,65535:37:0,C++Programming,Editor,D:/PNU_2-1/C++Programming/HW/092_IOrganization/Organization.h,,17,13,Changes
2024-06-14T15:26:11.077+09:00,codjs,KeyEvent,65535:16:1,C++Programming,Editor,D:/PNU_2-1/C++Programming/HW/092_IOrganization/Organization.h,,17,13,Changes
2024-06-14T15:26:11.159+09:00,codjs,KeyEvent,41:48:1,C++Programming,Editor,D:/PNU_2-1/C++Programming/HW/092_IOrganization/Organization.h,,17,13,Changes
2024-06-14T15:26:11.640+09:00,codjs,KeyEvent,65535:37:0,C++Programming,Editor,D:/PNU_2-1/C++Programming/HW/092_IOrganization/Organization.h,,17,13,Changes
2024-06-14T15:26:11.796+09:00,codjs,KeyEvent,65535:37:0,C++Programming,Editor,D:/PNU_2-1/C++Programming/HW/092_IOrganization/Organization.h,,17,12,Changes
2024-06-14T15:26:11.940+09:00,codjs,KeyEvent,65535:37:0,C++Programming,Editor,D:/PNU_2-1/C++Programming/HW/092_IOrganization/Organization.h,,17,11,Changes
2024-06-14T15:26:12.078+09:00,codjs,KeyEvent,65535:37:0,C++Programming,Editor,D:/PNU_2-1/C++Programming/HW/092_IOrganization/Organization.h,,17,10,Changes
2024-06-14T15:26:12.223+09:00,codjs,KeyEvent,65535:37:0,C++Programming,Editor,D:/PNU_2-1/C++Programming/HW/092_IOrganization/Organization.h,,17,9,Changes
2024-06-14T15:26:12.374+09:00,codjs,KeyEvent,65535:37:0,C++Programming,Editor,D:/PNU_2-1/C++Programming/HW/092_IOrganization/Organization.h,,17,8,Changes
2024-06-14T15:26:12.812+09:00,codjs,KeyEvent,65535:16:1,C++Programming,Editor,D:/PNU_2-1/C++Programming/HW/092_IOrganization/Organization.h,,17,8,Changes
2024-06-14T15:26:12.917+09:00,codjs,KeyEvent,40:57:1,C++Programming,Editor,D:/PNU_2-1/C++Programming/HW/092_IOrganization/Organization.h,,17,8,Changes
2024-06-14T15:26:17.447+09:00,codjs,KeyEvent,65535:17:18,C++Programming,Editor,D:/PNU_2-1/C++Programming/HW/092_IOrganization/Organization.h,,17,8,Changes
2024-06-14T15:26:17.560+09:00,codjs,KeyEvent,3:67:2,C++Programming,Editor,D:/PNU_2-1/C++Programming/HW/092_IOrganization/Organization.h,,17,8,Changes
2024-06-14T15:26:20.061+09:00,codjs,KeyEvent,65535:17:2,C++Programming,Editor,D:/PNU_2-1/C++Programming/HW/092_IOrganization/Organization.h,,20,8,Changes
2024-06-14T15:26:20.189+09:00,codjs,KeyEvent,22:86:2,C++Programming,Editor,D:/PNU_2-1/C++Programming/HW/092_IOrganization/Organization.h,,20,15,Changes
2024-06-14T15:26:27.244+09:00,codjs,KeyEvent,65535:17:2,C++Programming,Editor,D:/PNU_2-1/C++Programming/HW/092_IOrganization/OrgTest.cpp,,24,21,Changes
2024-06-14T15:26:27.344+09:00,codjs,KeyEvent,65535:16:3,C++Programming,Editor,D:/PNU_2-1/C++Programming/HW/092_IOrganization/OrgTest.cpp,,24,21,Changes
2024-06-14T15:26:27.482+09:00,codjs,KeyEvent,65535:121:3,C++Programming,Editor,D:/PNU_2-1/C++Programming/HW/092_IOrganization/OrgTest.cpp,,24,21,Changes
2024-06-14T15:26:55.313+09:00,codjs,KeyEvent,65535:17:2,C++Programming,Editor,D:/PNU_2-1/C++Programming/HW/092_IOrganization/Organization.h,,16,82,Changes
2024-06-14T15:26:55.505+09:00,codjs,KeyEvent,3:67:2,C++Programming,Editor,D:/PNU_2-1/C++Programming/HW/092_IOrganization/Organization.h,,16,82,Changes
2024-06-14T15:26:57.596+09:00,codjs,KeyEvent,65535:17:2,C++Programming,Editor,D:/PNU_2-1/C++Programming/HW/092_IOrganization/Organization.h,,19,65,Changes
2024-06-14T15:26:57.709+09:00,codjs,KeyEvent,22:86:2,C++Programming,Editor,D:/PNU_2-1/C++Programming/HW/092_IOrganization/Organization.h,,19,80,Changes
2024-06-14T15:27:03.929+09:00,codjs,KeyEvent,65535:16:1,C++Programming,Editor,D:/PNU_2-1/C++Programming/HW/092_IOrganization/Organization.h,,19,79,Changes
2024-06-14T15:27:04.063+09:00,codjs,KeyEvent,69:69:1,C++Programming,Editor,D:/PNU_2-1/C++Programming/HW/092_IOrganization/Organization.h,,19,79,Changes
2024-06-14T15:27:04.157+09:00,codjs,KeyEvent,77:77:1,C++Programming,Editor,D:/PNU_2-1/C++Programming/HW/092_IOrganization/Organization.h,,19,73,Changes
2024-06-14T15:27:04.893+09:00,codjs,KeyEvent,9:9:0,C++Programming,Editor,D:/PNU_2-1/C++Programming/HW/092_IOrganization/Organization.h,,19,80,Changes
2024-06-14T15:28:05.375+09:00,codjs,KeyEvent,10:10:0,C++Programming,Editor,D:/PNU_2-1/C++Programming/HW/092_IOrganization/Organization.h,,12,4,Changes
2024-06-14T15:28:06.445+09:00,codjs,KeyEvent,65535:16:1,C++Programming,Editor,D:/PNU_2-1/C++Programming/HW/092_IOrganization/Organization.h,,12,4,Changes
2024-06-14T15:28:06.973+09:00,codjs,KeyEvent,65535:16:1,C++Programming,Editor,D:/PNU_2-1/C++Programming/HW/092_IOrganization/Organization.h,,12,4,Changes
2024-06-14T15:28:07.012+09:00,codjs,KeyEvent,65535:16:1,C++Programming,Editor,D:/PNU_2-1/C++Programming/HW/092_IOrganization/Organization.h,,12,4,Changes
2024-06-14T15:28:07.044+09:00,codjs,KeyEvent,65535:16:1,C++Programming,Editor,D:/PNU_2-1/C++Programming/HW/092_IOrganization/Organization.h,,12,4,Changes
2024-06-14T15:28:07.077+09:00,codjs,KeyEvent,65535:16:1,C++Programming,Editor,D:/PNU_2-1/C++Programming/HW/092_IOrganization/Organization.h,,12,4,Changes
2024-06-14T15:28:07.110+09:00,codjs,KeyEvent,65535:16:1,C++Programming,Editor,D:/PNU_2-1/C++Programming/HW/092_IOrganization/Organization.h,,12,4,Changes
2024-06-14T15:28:07.144+09:00,codjs,KeyEvent,65535:16:1,C++Programming,Editor,D:/PNU_2-1/C++Programming/HW/092_IOrganization/Organization.h,,12,4,Changes
2024-06-14T15:28:07.176+09:00,codjs,KeyEvent,65535:16:1,C++Programming,Editor,D:/PNU_2-1/C++Programming/HW/092_IOrganization/Organization.h,,12,4,Changes
2024-06-14T15:28:07.210+09:00,codjs,KeyEvent,65535:16:1,C++Programming,Editor,D:/PNU_2-1/C++Programming/HW/092_IOrganization/Organization.h,,12,4,Changes
2024-06-14T15:28:07.246+09:00,codjs,KeyEvent,65535:16:1,C++Programming,Editor,D:/PNU_2-1/C++Programming/HW/092_IOrganization/Organization.h,,12,4,Changes
2024-06-14T15:28:07.277+09:00,codjs,KeyEvent,65535:16:1,C++Programming,Editor,D:/PNU_2-1/C++Programming/HW/092_IOrganization/Organization.h,,12,4,Changes
2024-06-14T15:28:07.313+09:00,codjs,KeyEvent,65535:16:1,C++Programming,Editor,D:/PNU_2-1/C++Programming/HW/092_IOrganization/Organization.h,,12,4,Changes
2024-06-14T15:28:07.347+09:00,codjs,KeyEvent,65535:16:1,C++Programming,Editor,D:/PNU_2-1/C++Programming/HW/092_IOrganization/Organization.h,,12,4,Changes
2024-06-14T15:28:07.380+09:00,codjs,KeyEvent,65535:16:1,C++Programming,Editor,D:/PNU_2-1/C++Programming/HW/092_IOrganization/Organization.h,,12,4,Changes
2024-06-14T15:28:07.417+09:00,codjs,KeyEvent,65535:16:1,C++Programming,Editor,D:/PNU_2-1/C++Programming/HW/092_IOrganization/Organization.h,,12,4,Changes
2024-06-14T15:28:07.454+09:00,codjs,KeyEvent,65535:16:1,C++Programming,Editor,D:/PNU_2-1/C++Programming/HW/092_IOrganization/Organization.h,,12,4,Changes
2024-06-14T15:28:07.481+09:00,codjs,KeyEvent,65535:16:1,C++Programming,Editor,D:/PNU_2-1/C++Programming/HW/092_IOrganization/Organization.h,,12,4,Changes
2024-06-14T15:28:07.515+09:00,codjs,KeyEvent,65535:16:1,C++Programming,Editor,D:/PNU_2-1/C++Programming/HW/092_IOrganization/Organization.h,,12,4,Changes
2024-06-14T15:28:07.542+09:00,codjs,KeyEvent,126:192:1,C++Programming,Editor,D:/PNU_2-1/C++Programming/HW/092_IOrganization/Organization.h,,12,4,Changes
2024-06-14T15:28:08.421+09:00,codjs,KeyEvent,65535:16:1,C++Programming,Editor,D:/PNU_2-1/C++Programming/HW/092_IOrganization/Organization.h,,12,5,Changes
2024-06-14T15:28:08.515+09:00,codjs,KeyEvent,79:79:1,C++Programming,Editor,D:/PNU_2-1/C++Programming/HW/092_IOrganization/Organization.h,,12,5,Changes
2024-06-14T15:28:09.203+09:00,codjs,KeyEvent,9:9:0,C++Programming,Editor,D:/PNU_2-1/C++Programming/HW/092_IOrganization/Organization.h,,12,19,Changes
2024-06-14T15:28:11.364+09:00,codjs,KeyEvent,59:59:0,C++Programming,Editor,D:/PNU_2-1/C++Programming/HW/092_IOrganization/Organization.h,,12,19,Changes
2024-06-14T15:28:14.963+09:00,codjs,KeyEvent,8:8:0,C++Programming,Editor,D:/PNU_2-1/C++Programming/HW/092_IOrganization/Organization.h,,12,19,Changes
2024-06-14T15:28:15.079+09:00,codjs,KeyEvent,65535:16:1,C++Programming,Editor,D:/PNU_2-1/C++Programming/HW/092_IOrganization/Organization.h,,12,19,Changes
2024-06-14T15:28:15.184+09:00,codjs,KeyEvent,123:91:1,C++Programming,Editor,D:/PNU_2-1/C++Programming/HW/092_IOrganization/Organization.h,,12,19,Changes
2024-06-14T15:28:15.765+09:00,codjs,KeyEvent,65535:39:0,C++Programming,Editor,D:/PNU_2-1/C++Programming/HW/092_IOrganization/Organization.h,,12,21,Changes
2024-06-14T15:28:16.315+09:00,codjs,KeyEvent,59:59:0,C++Programming,Editor,D:/PNU_2-1/C++Programming/HW/092_IOrganization/Organization.h,,12,21,Changes
2024-06-14T15:28:50.910+09:00,codjs,KeyEvent,32:32:0,C++Programming,Editor,D:/PNU_2-1/C++Programming/HW/092_IOrganization/Organization.h,,12,19,Changes
2024-06-14T15:28:51.120+09:00,codjs,KeyEvent,111:79:0,C++Programming,Editor,D:/PNU_2-1/C++Programming/HW/092_IOrganization/Organization.h,,12,20,Changes
2024-06-14T15:28:51.222+09:00,codjs,KeyEvent,118:86:0,C++Programming,Editor,D:/PNU_2-1/C++Programming/HW/092_IOrganization/Organization.h,,12,21,Changes
2024-06-14T15:28:51.412+09:00,codjs,KeyEvent,101:69:0,C++Programming,Editor,D:/PNU_2-1/C++Programming/HW/092_IOrganization/Organization.h,,12,22,Changes
2024-06-14T15:28:51.739+09:00,codjs,KeyEvent,114:82:0,C++Programming,Editor,D:/PNU_2-1/C++Programming/HW/092_IOrganization/Organization.h,,12,23,Changes
2024-06-14T15:28:52.040+09:00,codjs,KeyEvent,114:82:0,C++Programming,Editor,D:/PNU_2-1/C++Programming/HW/092_IOrganization/Organization.h,,12,24,Changes
2024-06-14T15:28:52.112+09:00,codjs,KeyEvent,105:73:0,C++Programming,Editor,D:/PNU_2-1/C++Programming/HW/092_IOrganization/Organization.h,,12,25,Changes
2024-06-14T15:28:52.249+09:00,codjs,KeyEvent,100:68:0,C++Programming,Editor,D:/PNU_2-1/C++Programming/HW/092_IOrganization/Organization.h,,12,26,Changes
2024-06-14T15:28:52.465+09:00,codjs,KeyEvent,101:69:0,C++Programming,Editor,D:/PNU_2-1/C++Programming/HW/092_IOrganization/Organization.h,,12,27,Changes
2024-06-14T15:28:52.546+09:00,codjs,KeyEvent,32:32:0,C++Programming,Editor,D:/PNU_2-1/C++Programming/HW/092_IOrganization/Organization.h,,12,28,Changes
2024-06-14T15:28:53.888+09:00,codjs,KeyEvent,8:8:0,C++Programming,Editor,D:/PNU_2-1/C++Programming/HW/092_IOrganization/Organization.h,,12,28,Changes
2024-06-14T15:28:57.152+09:00,codjs,KeyEvent,65535:17:2,C++Programming,Editor,D:/PNU_2-1/C++Programming/HW/092_IOrganization/Organization.h,,12,4,Changes
2024-06-14T15:28:57.683+09:00,codjs,KeyEvent,65535:17:2,C++Programming,Editor,D:/PNU_2-1/C++Programming/HW/092_IOrganization/Organization.h,,12,4,Changes
2024-06-14T15:28:57.716+09:00,codjs,KeyEvent,65535:17:2,C++Programming,Editor,D:/PNU_2-1/C++Programming/HW/092_IOrganization/Organization.h,,12,4,Changes
2024-06-14T15:28:57.834+09:00,codjs,KeyEvent,65535:17:2,C++Programming,Editor,D:/PNU_2-1/C++Programming/HW/092_IOrganization/Organization.h,,12,4,Changes
2024-06-14T15:28:57.836+09:00,codjs,KeyEvent,65535:17:2,C++Programming,Editor,D:/PNU_2-1/C++Programming/HW/092_IOrganization/Organization.h,,12,4,Changes
2024-06-14T15:28:57.857+09:00,codjs,KeyEvent,65535:17:2,C++Programming,Editor,D:/PNU_2-1/C++Programming/HW/092_IOrganization/Organization.h,,12,4,Changes
2024-06-14T15:28:57.883+09:00,codjs,KeyEvent,65535:17:2,C++Programming,Editor,D:/PNU_2-1/C++Programming/HW/092_IOrganization/Organization.h,,12,4,Changes
2024-06-14T15:28:57.925+09:00,codjs,KeyEvent,65535:17:2,C++Programming,Editor,D:/PNU_2-1/C++Programming/HW/092_IOrganization/Organization.h,,12,4,Changes
2024-06-14T15:28:57.953+09:00,codjs,KeyEvent,65535:17:2,C++Programming,Editor,D:/PNU_2-1/C++Programming/HW/092_IOrganization/Organization.h,,12,4,Changes
2024-06-14T15:28:57.984+09:00,codjs,KeyEvent,3:67:2,C++Programming,Editor,D:/PNU_2-1/C++Programming/HW/092_IOrganization/Organization.h,,12,4,Changes
2024-06-14T15:29:00.127+09:00,codjs,KeyEvent,8:8:0,C++Programming,Editor,D:/PNU_2-1/C++Programming/HW/092_IOrganization/Organization.h,,12,4,Changes
2024-06-14T15:29:00.748+09:00,codjs,KeyEvent,65535:40:0,C++Programming,Editor,D:/PNU_2-1/C++Programming/HW/092_IOrganization/Organization.h,,13,4,Changes
2024-06-14T15:29:01.270+09:00,codjs,KeyEvent,65535:40:0,C++Programming,Editor,D:/PNU_2-1/C++Programming/HW/092_IOrganization/Organization.h,,14,4,Changes
2024-06-14T15:29:01.303+09:00,codjs,KeyEvent,65535:40:0,C++Programming,Editor,D:/PNU_2-1/C++Programming/HW/092_IOrganization/Organization.h,,15,4,Changes
2024-06-14T15:29:01.336+09:00,codjs,KeyEvent,65535:40:0,C++Programming,Editor,D:/PNU_2-1/C++Programming/HW/092_IOrganization/Organization.h,,16,4,Changes
2024-06-14T15:29:01.370+09:00,codjs,KeyEvent,65535:40:0,C++Programming,Editor,D:/PNU_2-1/C++Programming/HW/092_IOrganization/Organization.h,,17,4,Changes
2024-06-14T15:29:01.406+09:00,codjs,KeyEvent,65535:40:0,C++Programming,Editor,D:/PNU_2-1/C++Programming/HW/092_IOrganization/Organization.h,,18,4,Changes
2024-06-14T15:29:01.442+09:00,codjs,KeyEvent,65535:40:0,C++Programming,Editor,D:/PNU_2-1/C++Programming/HW/092_IOrganization/Organization.h,,19,4,Changes
2024-06-14T15:29:01.474+09:00,codjs,KeyEvent,65535:40:0,C++Programming,Editor,D:/PNU_2-1/C++Programming/HW/092_IOrganization/Organization.h,,20,4,Changes
2024-06-14T15:29:01.507+09:00,codjs,KeyEvent,65535:40:0,C++Programming,Editor,D:/PNU_2-1/C++Programming/HW/092_IOrganization/Organization.h,,21,4,Changes
2024-06-14T15:29:01.539+09:00,codjs,KeyEvent,65535:40:0,C++Programming,Editor,D:/PNU_2-1/C++Programming/HW/092_IOrganization/Organization.h,,22,4,Changes
2024-06-14T15:29:01.575+09:00,codjs,KeyEvent,65535:40:0,C++Programming,Editor,D:/PNU_2-1/C++Programming/HW/092_IOrganization/Organization.h,,23,4,Changes
2024-06-14T15:29:01.609+09:00,codjs,KeyEvent,65535:40:0,C++Programming,Editor,D:/PNU_2-1/C++Programming/HW/092_IOrganization/Organization.h,,24,4,Changes
2024-06-14T15:29:01.642+09:00,codjs,KeyEvent,65535:40:0,C++Programming,Editor,D:/PNU_2-1/C++Programming/HW/092_IOrganization/Organization.h,,25,4,Changes
2024-06-14T15:29:01.674+09:00,codjs,KeyEvent,65535:40:0,C++Programming,Editor,D:/PNU_2-1/C++Programming/HW/092_IOrganization/Organization.h,,26,4,Changes
2024-06-14T15:29:01.710+09:00,codjs,KeyEvent,65535:40:0,C++Programming,Editor,D:/PNU_2-1/C++Programming/HW/092_IOrganization/Organization.h,,27,4,Changes
2024-06-14T15:29:02.026+09:00,codjs,KeyEvent,65535:40:0,C++Programming,Editor,D:/PNU_2-1/C++Programming/HW/092_IOrganization/Organization.h,,28,4,Changes
2024-06-14T15:29:02.674+09:00,codjs,KeyEvent,65535:39:0,C++Programming,Editor,D:/PNU_2-1/C++Programming/HW/092_IOrganization/Organization.h,,28,5,Changes
2024-06-14T15:29:02.935+09:00,codjs,KeyEvent,10:10:0,C++Programming,Editor,D:/PNU_2-1/C++Programming/HW/092_IOrganization/Organization.h,,29,4,Changes
2024-06-14T15:29:03.232+09:00,codjs,KeyEvent,65535:17:2,C++Programming,Editor,D:/PNU_2-1/C++Programming/HW/092_IOrganization/Organization.h,,29,4,Changes
2024-06-14T15:29:03.326+09:00,codjs,KeyEvent,22:86:2,C++Programming,Editor,D:/PNU_2-1/C++Programming/HW/092_IOrganization/Organization.h,,29,31,Changes
2024-06-14T15:29:11.592+09:00,codjs,KeyEvent,32:32:0,C++Programming,Editor,D:/PNU_2-1/C++Programming/HW/092_IOrganization/Organization.h,,29,28,Changes
2024-06-14T15:29:14.822+09:00,codjs,KeyEvent,65535:17:2,C++Programming,Editor,D:/PNU_2-1/C++Programming/HW/092_IOrganization/OrgTest.cpp,,15,0,Changes
2024-06-14T15:29:15.006+09:00,codjs,KeyEvent,65535:16:3,C++Programming,Editor,D:/PNU_2-1/C++Programming/HW/092_IOrganization/OrgTest.cpp,,15,0,Changes
2024-06-14T15:29:15.186+09:00,codjs,KeyEvent,65535:121:3,C++Programming,Editor,D:/PNU_2-1/C++Programming/HW/092_IOrganization/OrgTest.cpp,,15,0,Changes
2024-06-14T15:29:39.435+09:00,codjs,KeyEvent,47:47:0,C++Programming,Editor,D:/PNU_2-1/C++Programming/HW/092_IOrganization/IOrganization.h,,21,4,Changes
2024-06-14T15:29:39.592+09:00,codjs,KeyEvent,47:47:0,C++Programming,Editor,D:/PNU_2-1/C++Programming/HW/092_IOrganization/IOrganization.h,,21,5,Changes
2024-06-14T15:29:46.902+09:00,codjs,KeyEvent,65535:17:2,C++Programming,Editor,D:/PNU_2-1/C++Programming/HW/092_IOrganization/OrgTest.cpp,,16,22,Changes
2024-06-14T15:29:46.910+09:00,codjs,KeyEvent,65535:16:3,C++Programming,Editor,D:/PNU_2-1/C++Programming/HW/092_IOrganization/OrgTest.cpp,,16,22,Changes
2024-06-14T15:29:47.377+09:00,codjs,KeyEvent,65535:121:0,C++Programming,Editor,D:/PNU_2-1/C++Programming/HW/092_IOrganization/OrgTest.cpp,,16,22,Changes
2024-06-14T15:29:48.086+09:00,codjs,KeyEvent,65535:17:2,C++Programming,Editor,D:/PNU_2-1/C++Programming/HW/092_IOrganization/OrgTest.cpp,,16,22,Changes
2024-06-14T15:29:48.127+09:00,codjs,KeyEvent,65535:16:3,C++Programming,Editor,D:/PNU_2-1/C++Programming/HW/092_IOrganization/OrgTest.cpp,,16,22,Changes
2024-06-14T15:29:48.248+09:00,codjs,KeyEvent,65535:121:3,C++Programming,Editor,D:/PNU_2-1/C++Programming/HW/092_IOrganization/OrgTest.cpp,,16,22,Changes
2024-06-14T15:29:48.563+09:00,codjs,KeyEvent,65535:17:3,C++Programming,Editor,D:/PNU_2-1/C++Programming/HW/092_IOrganization/OrgTest.cpp,,16,22,Changes
2024-06-14T15:29:53.821+09:00,codjs,KeyEvent,65535:17:2,C++Programming,Dialog,D:/PNU_2-1/C++Programming/HW/092_IOrganization/OrgTest.cpp,,16,22,Changes
2024-06-14T15:29:54.350+09:00,codjs,KeyEvent,65535:17:2,C++Programming,Dialog,D:/PNU_2-1/C++Programming/HW/092_IOrganization/OrgTest.cpp,,16,22,Changes
2024-06-14T15:29:54.385+09:00,codjs,KeyEvent,65535:17:2,C++Programming,Dialog,D:/PNU_2-1/C++Programming/HW/092_IOrganization/OrgTest.cpp,,16,22,Changes
2024-06-14T15:29:54.398+09:00,codjs,KeyEvent,3:67:2,C++Programming,Dialog,D:/PNU_2-1/C++Programming/HW/092_IOrganization/OrgTest.cpp,,16,22,Changes
2024-06-14T15:30:19.530+09:00,codjs,KeyEvent,65535:16:1,C++Programming,Editor,D:/PNU_2-1/C++Programming/HW/092_IOrganization/Manager.h,,10,13,Changes
2024-06-14T15:30:19.592+09:00,codjs,KeyEvent,123:91:1,C++Programming,Editor,D:/PNU_2-1/C++Programming/HW/092_IOrganization/Manager.h,,10,13,Changes
2024-06-14T15:30:21.289+09:00,codjs,KeyEvent,8:8:0,C++Programming,Editor,D:/PNU_2-1/C++Programming/HW/092_IOrganization/Manager.h,,10,13,Changes
2024-06-14T15:30:53.340+09:00,codjs,KeyEvent,101:69:0,C++Programming,Editor,D:/PNU_2-1/C++Programming/HW/092_IOrganization/Employee.h,,7,4,Changes
2024-06-14T15:30:53.463+09:00,codjs,KeyEvent,109:77:0,C++Programming,Editor,D:/PNU_2-1/C++Programming/HW/092_IOrganization/Employee.h,,7,5,Changes
2024-06-14T15:30:54.191+09:00,codjs,KeyEvent,8:8:0,C++Programming,Editor,D:/PNU_2-1/C++Programming/HW/092_IOrganization/Employee.h,,7,5,Changes
2024-06-14T15:30:54.307+09:00,codjs,KeyEvent,8:8:0,C++Programming,Editor,D:/PNU_2-1/C++Programming/HW/092_IOrganization/Employee.h,,7,4,Changes
2024-06-14T15:30:54.344+09:00,codjs,KeyEvent,65535:16:1,C++Programming,Editor,D:/PNU_2-1/C++Programming/HW/092_IOrganization/Employee.h,,7,4,Changes
2024-06-14T15:30:54.463+09:00,codjs,KeyEvent,69:69:1,C++Programming,Editor,D:/PNU_2-1/C++Programming/HW/092_IOrganization/Employee.h,,7,4,Changes
2024-06-14T15:30:54.567+09:00,codjs,KeyEvent,77:77:1,C++Programming,Editor,D:/PNU_2-1/C++Programming/HW/092_IOrganization/Employee.h,,7,5,Changes
2024-06-14T15:30:54.750+09:00,codjs,KeyEvent,112:80:0,C++Programming,Editor,D:/PNU_2-1/C++Programming/HW/092_IOrganization/Employee.h,,7,6,Changes
2024-06-14T15:30:55.436+09:00,codjs,KeyEvent,8:8:0,C++Programming,Editor,D:/PNU_2-1/C++Programming/HW/092_IOrganization/Employee.h,,7,6,Changes
2024-06-14T15:30:55.573+09:00,codjs,KeyEvent,8:8:0,C++Programming,Editor,D:/PNU_2-1/C++Programming/HW/092_IOrganization/Employee.h,,7,5,Changes
2024-06-14T15:30:55.864+09:00,codjs,KeyEvent,109:77:0,C++Programming,Editor,D:/PNU_2-1/C++Programming/HW/092_IOrganization/Employee.h,,7,5,Changes
2024-06-14T15:30:55.986+09:00,codjs,KeyEvent,112:80:0,C++Programming,Editor,D:/PNU_2-1/C++Programming/HW/092_IOrganization/Employee.h,,7,6,Changes
2024-06-14T15:30:56.160+09:00,codjs,KeyEvent,108:76:0,C++Programming,Editor,D:/PNU_2-1/C++Programming/HW/092_IOrganization/Employee.h,,7,7,Changes
2024-06-14T15:30:56.646+09:00,codjs,KeyEvent,111:79:0,C++Programming,Editor,D:/PNU_2-1/C++Programming/HW/092_IOrganization/Employee.h,,7,8,Changes
2024-06-14T15:30:56.935+09:00,codjs,KeyEvent,116:84:0,C++Programming,Editor,D:/PNU_2-1/C++Programming/HW/092_IOrganization/Employee.h,,7,9,Changes
2024-06-14T15:30:57.080+09:00,codjs,KeyEvent,101:69:0,C++Programming,Editor,D:/PNU_2-1/C++Programming/HW/092_IOrganization/Employee.h,,7,10,Changes
2024-06-14T15:30:57.294+09:00,codjs,KeyEvent,101:69:0,C++Programming,Editor,D:/PNU_2-1/C++Programming/HW/092_IOrganization/Employee.h,,7,11,Changes
2024-06-14T15:30:57.656+09:00,codjs,KeyEvent,8:8:0,C++Programming,Editor,D:/PNU_2-1/C++Programming/HW/092_IOrganization/Employee.h,,7,11,Changes
2024-06-14T15:30:57.813+09:00,codjs,KeyEvent,8:8:0,C++Programming,Editor,D:/PNU_2-1/C++Programming/HW/092_IOrganization/Employee.h,,7,10,Changes
2024-06-14T15:30:57.929+09:00,codjs,KeyEvent,8:8:0,C++Programming,Editor,D:/PNU_2-1/C++Programming/HW/092_IOrganization/Employee.h,,7,9,Changes
2024-06-14T15:30:58.432+09:00,codjs,KeyEvent,121:89:0,C++Programming,Editor,D:/PNU_2-1/C++Programming/HW/092_IOrganization/Employee.h,,7,9,Changes
2024-06-14T15:30:58.562+09:00,codjs,KeyEvent,101:69:0,C++Programming,Editor,D:/PNU_2-1/C++Programming/HW/092_IOrganization/Employee.h,,7,10,Changes
2024-06-14T15:30:58.726+09:00,codjs,KeyEvent,101:69:0,C++Programming,Editor,D:/PNU_2-1/C++Programming/HW/092_IOrganization/Employee.h,,7,11,Changes
2024-06-14T15:30:58.995+09:00,codjs,KeyEvent,65535:16:1,C++Programming,Editor,D:/PNU_2-1/C++Programming/HW/092_IOrganization/Employee.h,,7,12,Changes
2024-06-14T15:30:58.996+09:00,codjs,KeyEvent,58:59:1,C++Programming,Editor,D:/PNU_2-1/C++Programming/HW/092_IOrganization/Employee.h,,7,12,Changes
2024-06-14T15:30:59.176+09:00,codjs,KeyEvent,58:59:1,C++Programming,Editor,D:/PNU_2-1/C++Programming/HW/092_IOrganization/Employee.h,,7,13,Changes
2024-06-14T15:31:05.690+09:00,codjs,KeyEvent,65535:17:2,C++Programming,Editor,D:/PNU_2-1/C++Programming/HW/092_IOrganization/Employee.h,,7,0,Changes
2024-06-14T15:31:05.803+09:00,codjs,KeyEvent,3:67:2,C++Programming,Editor,D:/PNU_2-1/C++Programming/HW/092_IOrganization/Employee.h,,7,0,Changes
2024-06-14T15:31:06.656+09:00,codjs,KeyEvent,8:8:0,C++Programming,Editor,D:/PNU_2-1/C++Programming/HW/092_IOrganization/Employee.h,,7,0,Changes
2024-06-14T15:31:09.202+09:00,codjs,KeyEvent,10:10:0,C++Programming,Editor,D:/PNU_2-1/C++Programming/HW/092_IOrganization/Employee.h,,28,0,Changes
2024-06-14T15:31:09.251+09:00,codjs,KeyEvent,65535:17:2,C++Programming,Editor,D:/PNU_2-1/C++Programming/HW/092_IOrganization/Employee.h,,28,0,Changes
2024-06-14T15:31:09.328+09:00,codjs,KeyEvent,22:86:2,C++Programming,Editor,D:/PNU_2-1/C++Programming/HW/092_IOrganization/Employee.h,,28,22,Changes
2024-06-14T15:31:43.082+09:00,codjs,KeyEvent,65535:17:2,C++Programming,Editor,D:/PNU_2-1/C++Programming/HW/092_IOrganization/OrgTest.cpp,,17,12,Changes
2024-06-14T15:31:43.199+09:00,codjs,KeyEvent,65535:16:3,C++Programming,Editor,D:/PNU_2-1/C++Programming/HW/092_IOrganization/OrgTest.cpp,,17,12,Changes
2024-06-14T15:31:43.336+09:00,codjs,KeyEvent,65535:121:3,C++Programming,Editor,D:/PNU_2-1/C++Programming/HW/092_IOrganization/OrgTest.cpp,,17,12,Changes
2024-06-14T15:32:17.379+09:00,codjs,KeyEvent,65535:16:1,C++Programming,Editor,D:/PNU_2-1/C++Programming/HW/092_IOrganization/Manager.h,,10,13,Changes
2024-06-14T15:32:17.559+09:00,codjs,KeyEvent,123:91:1,C++Programming,Editor,D:/PNU_2-1/C++Programming/HW/092_IOrganization/Manager.h,,10,13,Changes
2024-06-14T15:32:18.272+09:00,codjs,KeyEvent,65535:39:0,C++Programming,Editor,D:/PNU_2-1/C++Programming/HW/092_IOrganization/Manager.h,,10,15,Changes
2024-06-14T15:32:38.891+09:00,codjs,KeyEvent,10:10:0,C++Programming,Editor,D:/PNU_2-1/C++Programming/HW/092_IOrganization/Employee.h,,13,4,Changes
2024-06-14T15:32:39.380+09:00,codjs,KeyEvent,65535:16:1,C++Programming,Editor,D:/PNU_2-1/C++Programming/HW/092_IOrganization/Employee.h,,13,4,Changes
2024-06-14T15:32:39.629+09:00,codjs,KeyEvent,69:69:1,C++Programming,Editor,D:/PNU_2-1/C++Programming/HW/092_IOrganization/Employee.h,,13,4,Changes
2024-06-14T15:32:39.743+09:00,codjs,KeyEvent,77:77:1,C++Programming,Editor,D:/PNU_2-1/C++Programming/HW/092_IOrganization/Employee.h,,13,5,Changes
2024-06-14T15:32:40.808+09:00,codjs,KeyEvent,9:9:0,C++Programming,Editor,D:/PNU_2-1/C++Programming/HW/092_IOrganization/Employee.h,,13,12,Changes
2024-06-14T15:32:41.470+09:00,codjs,KeyEvent,65535:16:1,C++Programming,Editor,D:/PNU_2-1/C++Programming/HW/092_IOrganization/Employee.h,,13,12,Changes
2024-06-14T15:32:41.665+09:00,codjs,KeyEvent,40:57:1,C++Programming,Editor,D:/PNU_2-1/C++Programming/HW/092_IOrganization/Employee.h,,13,12,Changes
2024-06-14T15:32:42.159+09:00,codjs,KeyEvent,65535:39:0,C++Programming,Editor,D:/PNU_2-1/C++Programming/HW/092_IOrganization/Employee.h,,13,14,Changes
2024-06-14T15:32:42.350+09:00,codjs,KeyEvent,59:59:0,C++Programming,Editor,D:/PNU_2-1/C++Programming/HW/092_IOrganization/Employee.h,,13,14,Changes
2024-06-14T15:32:49.461+09:00,codjs,KeyEvent,65535:16:1,C++Programming,Editor,D:/PNU_2-1/C++Programming/HW/092_IOrganization/Employee.h,,13,14,Changes
2024-06-14T15:32:49.520+09:00,codjs,KeyEvent,123:91:1,C++Programming,Editor,D:/PNU_2-1/C++Programming/HW/092_IOrganization/Employee.h,,13,14,Changes
2024-06-14T15:32:52.799+09:00,codjs,KeyEvent,65535:17:2,C++Programming,Editor,D:/PNU_2-1/C++Programming/HW/092_IOrganization/OrgTest.cpp,,17,12,Changes
2024-06-14T15:32:52.874+09:00,codjs,KeyEvent,65535:16:3,C++Programming,Editor,D:/PNU_2-1/C++Programming/HW/092_IOrganization/OrgTest.cpp,,17,12,Changes
2024-06-14T15:32:53.012+09:00,codjs,KeyEvent,65535:121:3,C++Programming,Editor,D:/PNU_2-1/C++Programming/HW/092_IOrganization/OrgTest.cpp,,17,12,Changes
2024-06-14T15:34:11.791+09:00,codjs,KeyEvent,47:47:0,C++Programming,Editor,D:/PNU_2-1/C++Programming/HW/092_IOrganization/Manager.h,,10,4,Changes
2024-06-14T15:34:11.967+09:00,codjs,KeyEvent,47:47:0,C++Programming,Editor,D:/PNU_2-1/C++Programming/HW/092_IOrganization/Manager.h,,10,5,Changes
2024-06-14T15:34:21.707+09:00,codjs,KeyEvent,65535:17:2,C++Programming,Editor,D:/PNU_2-1/C++Programming/HW/092_IOrganization/OrgTest.cpp,,40,17,Changes
2024-06-14T15:34:21.878+09:00,codjs,KeyEvent,65535:16:3,C++Programming,Editor,D:/PNU_2-1/C++Programming/HW/092_IOrganization/OrgTest.cpp,,40,17,Changes
2024-06-14T15:34:22.023+09:00,codjs,KeyEvent,65535:121:3,C++Programming,Editor,D:/PNU_2-1/C++Programming/HW/092_IOrganization/OrgTest.cpp,,40,17,Changes
2024-06-14T15:34:26.418+09:00,codjs,KeyEvent,8:8:0,C++Programming,Editor,D:/PNU_2-1/C++Programming/HW/092_IOrganization/Manager.h,,10,5,Changes
2024-06-14T15:34:26.548+09:00,codjs,KeyEvent,8:8:0,C++Programming,Editor,D:/PNU_2-1/C++Programming/HW/092_IOrganization/Manager.h,,10,4,Changes
2024-06-14T15:34:29.544+09:00,codjs,KeyEvent,65535:17:2,C++Programming,Editor,D:/PNU_2-1/C++Programming/HW/092_IOrganization/OrgTest.cpp,,40,21,Changes
2024-06-14T15:34:29.611+09:00,codjs,KeyEvent,65535:16:3,C++Programming,Editor,D:/PNU_2-1/C++Programming/HW/092_IOrganization/OrgTest.cpp,,40,21,Changes
2024-06-14T15:34:29.864+09:00,codjs,KeyEvent,8:8:3,C++Programming,Editor,D:/PNU_2-1/C++Programming/HW/092_IOrganization/Manager.h,,10,4,Changes
2024-06-14T15:34:29.953+09:00,codjs,KeyEvent,65535:121:3,C++Programming,Editor,D:/PNU_2-1/C++Programming/HW/092_IOrganization/Manager.h,,10,4,Changes
2024-06-14T15:34:32.605+09:00,codjs,KeyEvent,65535:17:2,C++Programming,Editor,D:/PNU_2-1/C++Programming/HW/092_IOrganization/Manager.h,,13,28,Changes
2024-06-14T15:34:32.663+09:00,codjs,KeyEvent,65535:16:3,C++Programming,Editor,D:/PNU_2-1/C++Programming/HW/092_IOrganization/Manager.h,,13,28,Changes
2024-06-14T15:34:32.742+09:00,codjs,KeyEvent,65535:121:3,C++Programming,Editor,D:/PNU_2-1/C++Programming/HW/092_IOrganization/Manager.h,,13,28,Changes
2024-06-14T15:34:36.883+09:00,codjs,KeyEvent,65535:17:2,C++Programming,Editor,D:/PNU_2-1/C++Programming/HW/092_IOrganization/OrgTest.cpp,,40,21,Changes
2024-06-14T15:34:37.314+09:00,codjs,KeyEvent,65535:16:3,C++Programming,Editor,D:/PNU_2-1/C++Programming/HW/092_IOrganization/OrgTest.cpp,,40,21,Changes
2024-06-14T15:34:37.624+09:00,codjs,KeyEvent,65535:121:3,C++Programming,Editor,D:/PNU_2-1/C++Programming/HW/092_IOrganization/OrgTest.cpp,,40,21,Changes
2024-06-14T15:35:14.037+09:00,codjs,KeyEvent,101:69:0,C++Programming,Editor,D:/PNU_2-1/C++Programming/HW/092_IOrganization/Department.h,,27,18,Changes
2024-06-14T15:35:14.078+09:00,codjs,KeyEvent,109:77:0,C++Programming,Editor,D:/PNU_2-1/C++Programming/HW/092_IOrganization/Department.h,,27,13,Changes
2024-06-14T15:35:14.133+09:00,codjs,KeyEvent,112:80:0,C++Programming,Editor,D:/PNU_2-1/C++Programming/HW/092_IOrganization/Department.h,,27,14,Changes
2024-06-14T15:35:16.387+09:00,codjs,KeyEvent,101:69:0,C++Programming,Editor,D:/PNU_2-1/C++Programming/HW/092_IOrganization/Department.h,,26,24,Changes
2024-06-14T15:35:16.449+09:00,codjs,KeyEvent,109:77:0,C++Programming,Editor,D:/PNU_2-1/C++Programming/HW/092_IOrganization/Department.h,,26,19,Changes
2024-06-14T15:35:16.488+09:00,codjs,KeyEvent,112:80:0,C++Programming,Editor,D:/PNU_2-1/C++Programming/HW/092_IOrganization/Department.h,,26,20,Changes
2024-06-14T15:35:27.576+09:00,codjs,KeyEvent,92:92:0,C++Programming,Editor,D:/PNU_2-1/C++Programming/HW/092_IOrganization/Employee.h,,21,22,Changes
2024-06-14T15:35:27.664+09:00,codjs,KeyEvent,116:84:0,C++Programming,Editor,D:/PNU_2-1/C++Programming/HW/092_IOrganization/Employee.h,,21,23,Changes
2024-06-14T15:36:03.103+09:00,codjs,KeyEvent,92:92:0,C++Programming,Editor,D:/PNU_2-1/C++Programming/HW/092_IOrganization/Department.h,,23,21,Changes
2024-06-14T15:36:03.147+09:00,codjs,KeyEvent,116:84:0,C++Programming,Editor,D:/PNU_2-1/C++Programming/HW/092_IOrganization/Department.h,,23,22,Changes
2024-06-14T15:36:57.950+09:00,codjs,KeyEvent,8:8:0,C++Programming,Editor,D:/PNU_2-1/C++Programming/HW/092_IOrganization/Manager.h,,11,59,Changes
2024-06-14T15:36:58.081+09:00,codjs,KeyEvent,8:8:0,C++Programming,Editor,D:/PNU_2-1/C++Programming/HW/092_IOrganization/Manager.h,,11,58,Changes
2024-06-14T15:36:59.561+09:00,codjs,KeyEvent,65535:39:0,C++Programming,Editor,D:/PNU_2-1/C++Programming/HW/092_IOrganization/Manager.h,,11,59,Changes
2024-06-14T15:36:59.766+09:00,codjs,KeyEvent,8:8:0,C++Programming,Editor,D:/PNU_2-1/C++Programming/HW/092_IOrganization/Manager.h,,11,58,Changes
2024-06-14T15:37:01.613+09:00,codjs,KeyEvent,65535:16:1,C++Programming,Editor,D:/PNU_2-1/C++Programming/HW/092_IOrganization/Manager.h,,11,58,Changes
2024-06-14T15:37:01.702+09:00,codjs,KeyEvent,123:91:1,C++Programming,Editor,D:/PNU_2-1/C++Programming/HW/092_IOrganization/Manager.h,,11,58,Changes
2024-06-14T15:37:05.502+09:00,codjs,KeyEvent,105:73:0,C++Programming,Editor,D:/PNU_2-1/C++Programming/HW/092_IOrganization/Manager.h,,11,59,Changes
2024-06-14T15:37:05.570+09:00,codjs,KeyEvent,100:68:0,C++Programming,Editor,D:/PNU_2-1/C++Programming/HW/092_IOrganization/Manager.h,,11,60,Changes
2024-06-14T15:37:05.682+09:00,codjs,KeyEvent,32:32:0,C++Programming,Editor,D:/PNU_2-1/C++Programming/HW/092_IOrganization/Manager.h,,11,61,Changes
2024-06-14T15:37:06.208+09:00,codjs,KeyEvent,8:8:0,C++Programming,Editor,D:/PNU_2-1/C++Programming/HW/092_IOrganization/Manager.h,,11,61,Changes
2024-06-14T15:37:06.804+09:00,codjs,KeyEvent,65535:16:1,C++Programming,Editor,D:/PNU_2-1/C++Programming/HW/092_IOrganization/Manager.h,,11,61,Changes
2024-06-14T15:37:06.976+09:00,codjs,KeyEvent,95:45:1,C++Programming,Editor,D:/PNU_2-1/C++Programming/HW/092_IOrganization/Manager.h,,11,61,Changes
2024-06-14T15:37:07.344+09:00,codjs,KeyEvent,32:32:0,C++Programming,Editor,D:/PNU_2-1/C++Programming/HW/092_IOrganization/Manager.h,,11,62,Changes
2024-06-14T15:37:07.384+09:00,codjs,KeyEvent,61:61:0,C++Programming,Editor,D:/PNU_2-1/C++Programming/HW/092_IOrganization/Manager.h,,11,63,Changes
2024-06-14T15:37:08.563+09:00,codjs,KeyEvent,32:32:0,C++Programming,Editor,D:/PNU_2-1/C++Programming/HW/092_IOrganization/Manager.h,,11,64,Changes
2024-06-14T15:37:09.086+09:00,codjs,KeyEvent,65535:16:1,C++Programming,Editor,D:/PNU_2-1/C++Programming/HW/092_IOrganization/Manager.h,,11,65,Changes
2024-06-14T15:37:09.227+09:00,codjs,KeyEvent,77:77:1,C++Programming,Editor,D:/PNU_2-1/C++Programming/HW/092_IOrganization/Manager.h,,11,65,Changes
2024-06-14T15:37:09.254+09:00,codjs,KeyEvent,69:69:1,C++Programming,Editor,D:/PNU_2-1/C++Programming/HW/092_IOrganization/Manager.h,,11,66,Changes
2024-06-14T15:37:09.368+09:00,codjs,KeyEvent,65535:16:1,C++Programming,Editor,D:/PNU_2-1/C++Programming/HW/092_IOrganization/Manager.h,,11,67,Changes
2024-06-14T15:37:09.892+09:00,codjs,KeyEvent,8:8:0,C++Programming,Editor,D:/PNU_2-1/C++Programming/HW/092_IOrganization/Manager.h,,11,66,Changes
2024-06-14T15:37:10.432+09:00,codjs,KeyEvent,8:8:0,C++Programming,Editor,D:/PNU_2-1/C++Programming/HW/092_IOrganization/Manager.h,,11,65,Changes
2024-06-14T15:37:10.563+09:00,codjs,KeyEvent,65535:16:1,C++Programming,Editor,D:/PNU_2-1/C++Programming/HW/092_IOrganization/Manager.h,,11,65,Changes
2024-06-14T15:37:10.624+09:00,codjs,KeyEvent,69:69:1,C++Programming,Editor,D:/PNU_2-1/C++Programming/HW/092_IOrganization/Manager.h,,11,65,Changes
2024-06-14T15:37:11.268+09:00,codjs,KeyEvent,9:9:0,C++Programming,Editor,D:/PNU_2-1/C++Programming/HW/092_IOrganization/Manager.h,,11,73,Changes
2024-06-14T15:37:11.597+09:00,codjs,KeyEvent,65535:16:1,C++Programming,Editor,D:/PNU_2-1/C++Programming/HW/092_IOrganization/Manager.h,,11,73,Changes
2024-06-14T15:37:11.706+09:00,codjs,KeyEvent,58:59:1,C++Programming,Editor,D:/PNU_2-1/C++Programming/HW/092_IOrganization/Manager.h,,11,73,Changes
2024-06-14T15:37:11.989+09:00,codjs,KeyEvent,58:59:1,C++Programming,Editor,D:/PNU_2-1/C++Programming/HW/092_IOrganization/Manager.h,,11,74,Changes
2024-06-14T15:37:12.758+09:00,codjs,KeyEvent,99:67:0,C++Programming,Editor,D:/PNU_2-1/C++Programming/HW/092_IOrganization/Manager.h,,11,75,Changes
2024-06-14T15:37:12.807+09:00,codjs,KeyEvent,110:78:0,C++Programming,Editor,D:/PNU_2-1/C++Programming/HW/092_IOrganization/Manager.h,,11,76,Changes
2024-06-14T15:37:13.007+09:00,codjs,KeyEvent,116:84:0,C++Programming,Editor,D:/PNU_2-1/C++Programming/HW/092_IOrganization/Manager.h,,11,77,Changes
2024-06-14T15:37:13.212+09:00,codjs,KeyEvent,59:59:0,C++Programming,Editor,D:/PNU_2-1/C++Programming/HW/092_IOrganization/Manager.h,,11,78,Changes
2024-06-14T15:37:14.621+09:00,codjs,KeyEvent,8:8:0,C++Programming,Editor,D:/PNU_2-1/C++Programming/HW/092_IOrganization/Manager.h,,11,78,Changes
2024-06-14T15:37:28.811+09:00,codjs,KeyEvent,32:32:0,C++Programming,Editor,D:/PNU_2-1/C++Programming/HW/092_IOrganization/Manager.h,,11,59,Changes
2024-06-14T15:37:30.537+09:00,codjs,KeyEvent,59:59:0,C++Programming,Editor,D:/PNU_2-1/C++Programming/HW/092_IOrganization/Manager.h,,11,79,Changes
2024-06-14T15:37:48.982+09:00,codjs,KeyEvent,65535:17:2,C++Programming,Editor,D:/PNU_2-1/C++Programming/HW/092_IOrganization/Employee.h,,10,0,Changes
2024-06-14T15:37:49.129+09:00,codjs,KeyEvent,3:67:2,C++Programming,Editor,D:/PNU_2-1/C++Programming/HW/092_IOrganization/Employee.h,,10,0,Changes
2024-06-14T15:37:52.212+09:00,codjs,KeyEvent,10:10:0,C++Programming,Editor,D:/PNU_2-1/C++Programming/HW/092_IOrganization/Employee.h,,28,4,Changes
2024-06-14T15:37:52.229+09:00,codjs,KeyEvent,65535:17:2,C++Programming,Editor,D:/PNU_2-1/C++Programming/HW/092_IOrganization/Employee.h,,28,4,Changes
2024-06-14T15:37:52.599+09:00,codjs,KeyEvent,22:86:2,C++Programming,Editor,D:/PNU_2-1/C++Programming/HW/092_IOrganization/Employee.h,,28,20,Changes
2024-06-14T15:37:54.835+09:00,codjs,KeyEvent,8:8:0,C++Programming,Editor,D:/PNU_2-1/C++Programming/HW/092_IOrganization/Employee.h,,9,0,Changes
2024-06-14T15:37:57.469+09:00,codjs,KeyEvent,112:80:0,C++Programming,Editor,D:/PNU_2-1/C++Programming/HW/092_IOrganization/Employee.h,,23,0,Changes
2024-06-14T15:37:57.577+09:00,codjs,KeyEvent,114:82:0,C++Programming,Editor,D:/PNU_2-1/C++Programming/HW/092_IOrganization/Employee.h,,23,1,Changes
2024-06-14T15:37:57.697+09:00,codjs,KeyEvent,111:79:0,C++Programming,Editor,D:/PNU_2-1/C++Programming/HW/092_IOrganization/Employee.h,,23,2,Changes
2024-06-14T15:37:58.260+09:00,codjs,KeyEvent,9:9:0,C++Programming,Editor,D:/PNU_2-1/C++Programming/HW/092_IOrganization/Employee.h,,23,10,Changes
2024-06-14T15:38:04.852+09:00,codjs,KeyEvent,65535:17:2,C++Programming,Editor,D:/PNU_2-1/C++Programming/HW/092_IOrganization/OrgTest.cpp,,38,30,Changes
2024-06-14T15:38:04.971+09:00,codjs,KeyEvent,65535:16:3,C++Programming,Editor,D:/PNU_2-1/C++Programming/HW/092_IOrganization/OrgTest.cpp,,38,30,Changes
2024-06-14T15:38:05.060+09:00,codjs,KeyEvent,65535:121:3,C++Programming,Editor,D:/PNU_2-1/C++Programming/HW/092_IOrganization/OrgTest.cpp,,38,30,Changes
2024-06-14T15:38:48.065+09:00,codjs,KeyEvent,65535:37:0,C++Programming,Editor,D:/PNU_2-1/C++Programming/HW/092_IOrganization/Manager.h,,11,59,Changes
2024-06-14T15:38:48.557+09:00,codjs,KeyEvent,65535:39:0,C++Programming,Editor,D:/PNU_2-1/C++Programming/HW/092_IOrganization/Manager.h,,11,60,Changes
2024-06-14T15:38:49.403+09:00,codjs,KeyEvent,10:10:0,C++Programming,Editor,D:/PNU_2-1/C++Programming/HW/092_IOrganization/Manager.h,,12,8,Changes
2024-06-14T15:38:51.510+09:00,codjs,KeyEvent,65535:38:0,C++Programming,Editor,D:/PNU_2-1/C++Programming/HW/092_IOrganization/Manager.h,,11,8,Changes
2024-06-14T15:38:51.670+09:00,codjs,KeyEvent,65535:39:0,C++Programming,Editor,D:/PNU_2-1/C++Programming/HW/092_IOrganization/Manager.h,,11,9,Changes
2024-06-14T15:38:52.192+09:00,codjs,KeyEvent,65535:39:0,C++Programming,Editor,D:/PNU_2-1/C++Programming/HW/092_IOrganization/Manager.h,,11,10,Changes
2024-06-14T15:38:52.223+09:00,codjs,KeyEvent,65535:39:0,C++Programming,Editor,D:/PNU_2-1/C++Programming/HW/092_IOrganization/Manager.h,,11,11,Changes
2024-06-14T15:38:52.259+09:00,codjs,KeyEvent,65535:39:0,C++Programming,Editor,D:/PNU_2-1/C++Programming/HW/092_IOrganization/Manager.h,,11,12,Changes
2024-06-14T15:38:52.294+09:00,codjs,KeyEvent,65535:39:0,C++Programming,Editor,D:/PNU_2-1/C++Programming/HW/092_IOrganization/Manager.h,,11,13,Changes
2024-06-14T15:38:52.329+09:00,codjs,KeyEvent,65535:39:0,C++Programming,Editor,D:/PNU_2-1/C++Programming/HW/092_IOrganization/Manager.h,,11,14,Changes
2024-06-14T15:38:52.361+09:00,codjs,KeyEvent,65535:39:0,C++Programming,Editor,D:/PNU_2-1/C++Programming/HW/092_IOrganization/Manager.h,,11,15,Changes
2024-06-14T15:38:52.396+09:00,codjs,KeyEvent,65535:39:0,C++Programming,Editor,D:/PNU_2-1/C++Programming/HW/092_IOrganization/Manager.h,,11,16,Changes
2024-06-14T15:38:52.429+09:00,codjs,KeyEvent,65535:39:0,C++Programming,Editor,D:/PNU_2-1/C++Programming/HW/092_IOrganization/Manager.h,,11,17,Changes
2024-06-14T15:38:52.465+09:00,codjs,KeyEvent,65535:39:0,C++Programming,Editor,D:/PNU_2-1/C++Programming/HW/092_IOrganization/Manager.h,,11,18,Changes
2024-06-14T15:38:52.501+09:00,codjs,KeyEvent,65535:39:0,C++Programming,Editor,D:/PNU_2-1/C++Programming/HW/092_IOrganization/Manager.h,,11,19,Changes
2024-06-14T15:38:52.537+09:00,codjs,KeyEvent,65535:39:0,C++Programming,Editor,D:/PNU_2-1/C++Programming/HW/092_IOrganization/Manager.h,,11,20,Changes
2024-06-14T15:38:52.563+09:00,codjs,KeyEvent,65535:39:0,C++Programming,Editor,D:/PNU_2-1/C++Programming/HW/092_IOrganization/Manager.h,,11,21,Changes
2024-06-14T15:38:52.598+09:00,codjs,KeyEvent,65535:39:0,C++Programming,Editor,D:/PNU_2-1/C++Programming/HW/092_IOrganization/Manager.h,,11,22,Changes
2024-06-14T15:38:52.633+09:00,codjs,KeyEvent,65535:39:0,C++Programming,Editor,D:/PNU_2-1/C++Programming/HW/092_IOrganization/Manager.h,,11,23,Changes
2024-06-14T15:38:52.664+09:00,codjs,KeyEvent,65535:39:0,C++Programming,Editor,D:/PNU_2-1/C++Programming/HW/092_IOrganization/Manager.h,,11,24,Changes
2024-06-14T15:38:52.702+09:00,codjs,KeyEvent,65535:39:0,C++Programming,Editor,D:/PNU_2-1/C++Programming/HW/092_IOrganization/Manager.h,,11,25,Changes
2024-06-14T15:38:52.737+09:00,codjs,KeyEvent,65535:39:0,C++Programming,Editor,D:/PNU_2-1/C++Programming/HW/092_IOrganization/Manager.h,,11,26,Changes
2024-06-14T15:38:52.769+09:00,codjs,KeyEvent,65535:39:0,C++Programming,Editor,D:/PNU_2-1/C++Programming/HW/092_IOrganization/Manager.h,,11,27,Changes
2024-06-14T15:38:52.799+09:00,codjs,KeyEvent,65535:39:0,C++Programming,Editor,D:/PNU_2-1/C++Programming/HW/092_IOrganization/Manager.h,,11,28,Changes
2024-06-14T15:38:52.833+09:00,codjs,KeyEvent,65535:39:0,C++Programming,Editor,D:/PNU_2-1/C++Programming/HW/092_IOrganization/Manager.h,,11,29,Changes
2024-06-14T15:38:52.869+09:00,codjs,KeyEvent,65535:39:0,C++Programming,Editor,D:/PNU_2-1/C++Programming/HW/092_IOrganization/Manager.h,,11,30,Changes
2024-06-14T15:38:52.903+09:00,codjs,KeyEvent,65535:39:0,C++Programming,Editor,D:/PNU_2-1/C++Programming/HW/092_IOrganization/Manager.h,,11,31,Changes
2024-06-14T15:38:52.944+09:00,codjs,KeyEvent,65535:39:0,C++Programming,Editor,D:/PNU_2-1/C++Programming/HW/092_IOrganization/Manager.h,,11,32,Changes
2024-06-14T15:38:52.966+09:00,codjs,KeyEvent,65535:39:0,C++Programming,Editor,D:/PNU_2-1/C++Programming/HW/092_IOrganization/Manager.h,,11,33,Changes
2024-06-14T15:38:53.003+09:00,codjs,KeyEvent,65535:39:0,C++Programming,Editor,D:/PNU_2-1/C++Programming/HW/092_IOrganization/Manager.h,,11,34,Changes
2024-06-14T15:38:53.038+09:00,codjs,KeyEvent,65535:39:0,C++Programming,Editor,D:/PNU_2-1/C++Programming/HW/092_IOrganization/Manager.h,,11,35,Changes
2024-06-14T15:38:53.073+09:00,codjs,KeyEvent,65535:39:0,C++Programming,Editor,D:/PNU_2-1/C++Programming/HW/092_IOrganization/Manager.h,,11,36,Changes
2024-06-14T15:38:53.106+09:00,codjs,KeyEvent,65535:39:0,C++Programming,Editor,D:/PNU_2-1/C++Programming/HW/092_IOrganization/Manager.h,,11,37,Changes
2024-06-14T15:38:53.146+09:00,codjs,KeyEvent,65535:39:0,C++Programming,Editor,D:/PNU_2-1/C++Programming/HW/092_IOrganization/Manager.h,,11,38,Changes
2024-06-14T15:38:53.174+09:00,codjs,KeyEvent,65535:39:0,C++Programming,Editor,D:/PNU_2-1/C++Programming/HW/092_IOrganization/Manager.h,,11,39,Changes
2024-06-14T15:38:53.211+09:00,codjs,KeyEvent,65535:39:0,C++Programming,Editor,D:/PNU_2-1/C++Programming/HW/092_IOrganization/Manager.h,,11,40,Changes
2024-06-14T15:38:53.240+09:00,codjs,KeyEvent,65535:39:0,C++Programming,Editor,D:/PNU_2-1/C++Programming/HW/092_IOrganization/Manager.h,,11,41,Changes
2024-06-14T15:38:53.270+09:00,codjs,KeyEvent,65535:39:0,C++Programming,Editor,D:/PNU_2-1/C++Programming/HW/092_IOrganization/Manager.h,,11,42,Changes
2024-06-14T15:38:53.306+09:00,codjs,KeyEvent,65535:39:0,C++Programming,Editor,D:/PNU_2-1/C++Programming/HW/092_IOrganization/Manager.h,,11,43,Changes
2024-06-14T15:38:53.343+09:00,codjs,KeyEvent,65535:39:0,C++Programming,Editor,D:/PNU_2-1/C++Programming/HW/092_IOrganization/Manager.h,,11,44,Changes
2024-06-14T15:38:53.373+09:00,codjs,KeyEvent,65535:39:0,C++Programming,Editor,D:/PNU_2-1/C++Programming/HW/092_IOrganization/Manager.h,,11,45,Changes
2024-06-14T15:38:53.407+09:00,codjs,KeyEvent,65535:39:0,C++Programming,Editor,D:/PNU_2-1/C++Programming/HW/092_IOrganization/Manager.h,,11,46,Changes
2024-06-14T15:38:53.443+09:00,codjs,KeyEvent,65535:39:0,C++Programming,Editor,D:/PNU_2-1/C++Programming/HW/092_IOrganization/Manager.h,,11,47,Changes
2024-06-14T15:38:53.476+09:00,codjs,KeyEvent,65535:39:0,C++Programming,Editor,D:/PNU_2-1/C++Programming/HW/092_IOrganization/Manager.h,,11,48,Changes
2024-06-14T15:38:53.509+09:00,codjs,KeyEvent,65535:39:0,C++Programming,Editor,D:/PNU_2-1/C++Programming/HW/092_IOrganization/Manager.h,,11,49,Changes
2024-06-14T15:38:53.546+09:00,codjs,KeyEvent,65535:39:0,C++Programming,Editor,D:/PNU_2-1/C++Programming/HW/092_IOrganization/Manager.h,,11,50,Changes
2024-06-14T15:38:53.577+09:00,codjs,KeyEvent,65535:39:0,C++Programming,Editor,D:/PNU_2-1/C++Programming/HW/092_IOrganization/Manager.h,,11,51,Changes
2024-06-14T15:38:53.611+09:00,codjs,KeyEvent,65535:39:0,C++Programming,Editor,D:/PNU_2-1/C++Programming/HW/092_IOrganization/Manager.h,,11,52,Changes
2024-06-14T15:38:53.990+09:00,codjs,KeyEvent,65535:39:0,C++Programming,Editor,D:/PNU_2-1/C++Programming/HW/092_IOrganization/Manager.h,,11,53,Changes
2024-06-14T15:38:54.245+09:00,codjs,KeyEvent,65535:39:0,C++Programming,Editor,D:/PNU_2-1/C++Programming/HW/092_IOrganization/Manager.h,,11,54,Changes
2024-06-14T15:38:54.442+09:00,codjs,KeyEvent,65535:39:0,C++Programming,Editor,D:/PNU_2-1/C++Programming/HW/092_IOrganization/Manager.h,,11,55,Changes
2024-06-14T15:38:55.129+09:00,codjs,KeyEvent,65535:39:0,C++Programming,Editor,D:/PNU_2-1/C++Programming/HW/092_IOrganization/Manager.h,,11,56,Changes
2024-06-14T15:38:55.348+09:00,codjs,KeyEvent,65535:39:0,C++Programming,Editor,D:/PNU_2-1/C++Programming/HW/092_IOrganization/Manager.h,,11,57,Changes
2024-06-14T15:38:55.524+09:00,codjs,KeyEvent,65535:39:0,C++Programming,Editor,D:/PNU_2-1/C++Programming/HW/092_IOrganization/Manager.h,,11,58,Changes
2024-06-14T15:38:55.873+09:00,codjs,KeyEvent,65535:39:0,C++Programming,Editor,D:/PNU_2-1/C++Programming/HW/092_IOrganization/Manager.h,,11,59,Changes
2024-06-14T15:38:56.262+09:00,codjs,KeyEvent,10:10:0,C++Programming,Editor,D:/PNU_2-1/C++Programming/HW/092_IOrganization/Manager.h,,12,8,Changes
2024-06-14T15:39:00.882+09:00,codjs,KeyEvent,109:77:0,C++Programming,Editor,D:/PNU_2-1/C++Programming/HW/092_IOrganization/Manager.h,,12,8,Changes
2024-06-14T15:39:01.314+09:00,codjs,KeyEvent,97:65:0,C++Programming,Editor,D:/PNU_2-1/C++Programming/HW/092_IOrganization/Manager.h,,12,9,Changes
2024-06-14T15:39:01.408+09:00,codjs,KeyEvent,110:78:0,C++Programming,Editor,D:/PNU_2-1/C++Programming/HW/092_IOrganization/Manager.h,,12,10,Changes
2024-06-14T15:39:01.814+09:00,codjs,KeyEvent,9:9:0,C++Programming,Editor,D:/PNU_2-1/C++Programming/HW/092_IOrganization/Manager.h,,12,20,Changes
2024-06-14T15:39:02.832+09:00,codjs,KeyEvent,32:32:0,C++Programming,Editor,D:/PNU_2-1/C++Programming/HW/092_IOrganization/Manager.h,,12,20,Changes
2024-06-14T15:39:02.886+09:00,codjs,KeyEvent,45:45:0,C++Programming,Editor,D:/PNU_2-1/C++Programming/HW/092_IOrganization/Manager.h,,12,21,Changes
2024-06-14T15:39:03.221+09:00,codjs,KeyEvent,32:32:0,C++Programming,Editor,D:/PNU_2-1/C++Programming/HW/092_IOrganization/Manager.h,,12,22,Changes
2024-06-14T15:39:03.525+09:00,codjs,KeyEvent,8:8:0,C++Programming,Editor,D:/PNU_2-1/C++Programming/HW/092_IOrganization/Manager.h,,12,22,Changes
2024-06-14T15:39:03.695+09:00,codjs,KeyEvent,8:8:0,C++Programming,Editor,D:/PNU_2-1/C++Programming/HW/092_IOrganization/Manager.h,,12,21,Changes
2024-06-14T15:39:04.400+09:00,codjs,KeyEvent,61:61:0,C++Programming,Editor,D:/PNU_2-1/C++Programming/HW/092_IOrganization/Manager.h,,12,21,Changes
2024-06-14T15:39:05.080+09:00,codjs,KeyEvent,110:78:0,C++Programming,Editor,D:/PNU_2-1/C++Programming/HW/092_IOrganization/Manager.h,,12,22,Changes
2024-06-14T15:39:05.230+09:00,codjs,KeyEvent,97:65:0,C++Programming,Editor,D:/PNU_2-1/C++Programming/HW/092_IOrganization/Manager.h,,12,23,Changes
2024-06-14T15:39:05.304+09:00,codjs,KeyEvent,109:77:0,C++Programming,Editor,D:/PNU_2-1/C++Programming/HW/092_IOrganization/Manager.h,,12,24,Changes
2024-06-14T15:39:05.375+09:00,codjs,KeyEvent,101:69:0,C++Programming,Editor,D:/PNU_2-1/C++Programming/HW/092_IOrganization/Manager.h,,12,25,Changes
2024-06-14T15:39:05.530+09:00,codjs,KeyEvent,59:59:0,C++Programming,Editor,D:/PNU_2-1/C++Programming/HW/092_IOrganization/Manager.h,,12,26,Changes
2024-06-14T15:39:05.953+09:00,codjs,KeyEvent,10:10:0,C++Programming,Editor,D:/PNU_2-1/C++Programming/HW/092_IOrganization/Manager.h,,13,8,Changes
2024-06-14T15:39:07.083+09:00,codjs,KeyEvent,115:83:0,C++Programming,Editor,D:/PNU_2-1/C++Programming/HW/092_IOrganization/Manager.h,,13,8,Changes
2024-06-14T15:39:07.887+09:00,codjs,KeyEvent,97:65:0,C++Programming,Editor,D:/PNU_2-1/C++Programming/HW/092_IOrganization/Manager.h,,13,9,Changes
2024-06-14T15:39:08.002+09:00,codjs,KeyEvent,108:76:0,C++Programming,Editor,D:/PNU_2-1/C++Programming/HW/092_IOrganization/Manager.h,,13,10,Changes
2024-06-14T15:39:09.149+09:00,codjs,KeyEvent,65535:40:0,C++Programming,Editor,D:/PNU_2-1/C++Programming/HW/092_IOrganization/Manager.h,,13,11,Changes
2024-06-14T15:39:09.281+09:00,codjs,KeyEvent,9:9:0,C++Programming,Editor,D:/PNU_2-1/C++Programming/HW/092_IOrganization/Manager.h,,13,14,Changes
2024-06-14T15:39:10.019+09:00,codjs,KeyEvent,32:32:0,C++Programming,Editor,D:/PNU_2-1/C++Programming/HW/092_IOrganization/Manager.h,,13,14,Changes
2024-06-14T15:39:10.129+09:00,codjs,KeyEvent,45:45:0,C++Programming,Editor,D:/PNU_2-1/C++Programming/HW/092_IOrganization/Manager.h,,13,15,Changes
2024-06-14T15:39:10.207+09:00,codjs,KeyEvent,32:32:0,C++Programming,Editor,D:/PNU_2-1/C++Programming/HW/092_IOrganization/Manager.h,,13,16,Changes
2024-06-14T15:39:10.874+09:00,codjs,KeyEvent,8:8:0,C++Programming,Editor,D:/PNU_2-1/C++Programming/HW/092_IOrganization/Manager.h,,13,16,Changes
2024-06-14T15:39:11.483+09:00,codjs,KeyEvent,8:8:0,C++Programming,Editor,D:/PNU_2-1/C++Programming/HW/092_IOrganization/Manager.h,,13,15,Changes
2024-06-14T15:39:11.683+09:00,codjs,KeyEvent,61:61:0,C++Programming,Editor,D:/PNU_2-1/C++Programming/HW/092_IOrganization/Manager.h,,13,15,Changes
2024-06-14T15:39:12.478+09:00,codjs,KeyEvent,32:32:0,C++Programming,Editor,D:/PNU_2-1/C++Programming/HW/092_IOrganization/Manager.h,,13,16,Changes
2024-06-14T15:39:12.654+09:00,codjs,KeyEvent,115:83:0,C++Programming,Editor,D:/PNU_2-1/C++Programming/HW/092_IOrganization/Manager.h,,13,17,Changes
2024-06-14T15:39:12.811+09:00,codjs,KeyEvent,97:65:0,C++Programming,Editor,D:/PNU_2-1/C++Programming/HW/092_IOrganization/Manager.h,,13,18,Changes
2024-06-14T15:39:12.987+09:00,codjs,KeyEvent,108:76:0,C++Programming,Editor,D:/PNU_2-1/C++Programming/HW/092_IOrganization/Manager.h,,13,19,Changes
2024-06-14T15:39:13.324+09:00,codjs,KeyEvent,59:59:0,C++Programming,Editor,D:/PNU_2-1/C++Programming/HW/092_IOrganization/Manager.h,,13,20,Changes
2024-06-14T15:39:16.890+09:00,codjs,KeyEvent,65535:17:2,C++Programming,Editor,D:/PNU_2-1/C++Programming/HW/092_IOrganization/OrgTest.cpp,,33,18,Changes
2024-06-14T15:39:17.058+09:00,codjs,KeyEvent,65535:16:3,C++Programming,Editor,D:/PNU_2-1/C++Programming/HW/092_IOrganization/OrgTest.cpp,,33,18,Changes
2024-06-14T15:39:17.158+09:00,codjs,KeyEvent,65535:121:3,C++Programming,Editor,D:/PNU_2-1/C++Programming/HW/092_IOrganization/OrgTest.cpp,,33,18,Changes
2024-06-14T15:39:38.773+09:00,codjs,KeyEvent,8:8:0,C++Programming,Editor,D:/PNU_2-1/C++Programming/HW/092_IOrganization/Employee.h,,29,20,Changes
2024-06-14T15:39:39.080+09:00,codjs,KeyEvent,48:48:0,C++Programming,Editor,D:/PNU_2-1/C++Programming/HW/092_IOrganization/Employee.h,,29,20,Changes
2024-06-14T15:39:41.997+09:00,codjs,KeyEvent,65535:17:2,C++Programming,Editor,D:/PNU_2-1/C++Programming/HW/092_IOrganization/OrgTest.cpp,,33,18,Changes
2024-06-14T15:39:42.048+09:00,codjs,KeyEvent,65535:16:3,C++Programming,Editor,D:/PNU_2-1/C++Programming/HW/092_IOrganization/OrgTest.cpp,,33,18,Changes
2024-06-14T15:39:42.160+09:00,codjs,KeyEvent,65535:121:3,C++Programming,Editor,D:/PNU_2-1/C++Programming/HW/092_IOrganization/OrgTest.cpp,,33,18,Changes
2024-06-14T15:41:13.518+09:00,codjs,KeyEvent,65535:16:1,C++Programming,Editor,D:/PNU_2-1/C++Programming/HW/092_IOrganization/Manager.h,,14,27,Changes
2024-06-14T15:41:13.910+09:00,codjs,KeyEvent,43:61:1,C++Programming,Editor,D:/PNU_2-1/C++Programming/HW/092_IOrganization/Manager.h,,14,27,Changes
2024-06-14T15:41:14.126+09:00,codjs,KeyEvent,43:61:1,C++Programming,Editor,D:/PNU_2-1/C++Programming/HW/092_IOrganization/Manager.h,,14,28,Changes
2024-06-14T15:41:18.966+09:00,codjs,KeyEvent,65535:17:2,C++Programming,Editor,D:/PNU_2-1/C++Programming/HW/092_IOrganization/OrgTest.cpp,,22,20,Changes
2024-06-14T15:41:19.200+09:00,codjs,KeyEvent,65535:16:3,C++Programming,Editor,D:/PNU_2-1/C++Programming/HW/092_IOrganization/OrgTest.cpp,,22,20,Changes
2024-06-14T15:41:19.350+09:00,codjs,KeyEvent,65535:121:3,C++Programming,Editor,D:/PNU_2-1/C++Programming/HW/092_IOrganization/OrgTest.cpp,,22,20,Changes
2024-06-14T15:41:31.511+09:00,codjs,KeyEvent,8:8:0,C++Programming,Editor,D:/PNU_2-1/C++Programming/HW/092_IOrganization/Manager.h,,14,28,Changes
2024-06-14T15:41:31.685+09:00,codjs,KeyEvent,8:8:0,C++Programming,Editor,D:/PNU_2-1/C++Programming/HW/092_IOrganization/Manager.h,,14,27,Changes
2024-06-14T15:41:34.685+09:00,codjs,KeyEvent,65535:17:2,C++Programming,Editor,D:/PNU_2-1/C++Programming/HW/092_IOrganization/OrgTest.cpp,,20,0,Changes
2024-06-14T15:41:35.113+09:00,codjs,KeyEvent,65535:16:3,C++Programming,Editor,D:/PNU_2-1/C++Programming/HW/092_IOrganization/OrgTest.cpp,,20,0,Changes
2024-06-14T15:41:35.277+09:00,codjs,KeyEvent,65535:121:3,C++Programming,Editor,D:/PNU_2-1/C++Programming/HW/092_IOrganization/OrgTest.cpp,,20,0,Changes
2024-06-14T15:42:19.132+09:00,codjs,KeyEvent,8:8:0,C++Programming,Editor,D:/PNU_2-1/C++Programming/HW/092_IOrganization/Manager.h,,11,39,Changes
2024-06-14T15:42:25.241+09:00,codjs,KeyEvent,8:8:0,C++Programming,Problems View,D:/PNU_2-1/C++Programming/HW/092_IOrganization/Manager.h,,11,39,Changes
2024-06-14T15:42:27.238+09:00,codjs,KeyEvent,8:8:0,C++Programming,Editor,D:/PNU_2-1/C++Programming/HW/092_IOrganization/Manager.h,,11,38,Changes
2024-06-14T15:42:31.037+09:00,codjs,KeyEvent,65535:16:1,C++Programming,Editor,D:/PNU_2-1/C++Programming/HW/092_IOrganization/Manager.h,,14,27,Changes
2024-06-14T15:42:31.363+09:00,codjs,KeyEvent,43:61:1,C++Programming,Editor,D:/PNU_2-1/C++Programming/HW/092_IOrganization/Manager.h,,14,27,Changes
2024-06-14T15:42:31.582+09:00,codjs,KeyEvent,43:61:1,C++Programming,Editor,D:/PNU_2-1/C++Programming/HW/092_IOrganization/Manager.h,,14,28,Changes
2024-06-14T15:42:34.800+09:00,codjs,KeyEvent,65535:17:2,C++Programming,Editor,D:/PNU_2-1/C++Programming/HW/092_IOrganization/OrgTest.cpp,,20,0,Changes
2024-06-14T15:42:34.992+09:00,codjs,KeyEvent,65535:121:2,C++Programming,Editor,D:/PNU_2-1/C++Programming/HW/092_IOrganization/OrgTest.cpp,,20,0,Changes
2024-06-14T15:42:36.558+09:00,codjs,KeyEvent,65535:17:2,C++Programming,Editor,D:/PNU_2-1/C++Programming/HW/092_IOrganization/OrgTest.cpp,,20,0,Changes
2024-06-14T15:42:36.608+09:00,codjs,KeyEvent,65535:16:3,C++Programming,Editor,D:/PNU_2-1/C++Programming/HW/092_IOrganization/OrgTest.cpp,,20,0,Changes
2024-06-14T15:42:36.674+09:00,codjs,KeyEvent,65535:121:3,C++Programming,Editor,D:/PNU_2-1/C++Programming/HW/092_IOrganization/OrgTest.cpp,,20,0,Changes
2024-06-14T15:42:37.314+09:00,codjs,KeyEvent,65535:17:2,C++Programming,Editor,D:/PNU_2-1/C++Programming/HW/092_IOrganization/OrgTest.cpp,,20,0,Changes
2024-06-14T15:42:37.363+09:00,codjs,KeyEvent,65535:16:3,C++Programming,Editor,D:/PNU_2-1/C++Programming/HW/092_IOrganization/OrgTest.cpp,,20,0,Changes
2024-06-14T15:42:37.660+09:00,codjs,KeyEvent,65535:121:3,C++Programming,Editor,D:/PNU_2-1/C++Programming/HW/092_IOrganization/OrgTest.cpp,,20,0,Changes
2024-06-14T15:42:48.736+09:00,codjs,KeyEvent,8:8:0,C++Programming,Editor,D:/PNU_2-1/C++Programming/HW/092_IOrganization/Employee.h,,29,20,Changes
2024-06-14T15:42:48.781+09:00,codjs,KeyEvent,49:49:0,C++Programming,Editor,D:/PNU_2-1/C++Programming/HW/092_IOrganization/Employee.h,,29,20,Changes
2024-06-14T15:42:51.072+09:00,codjs,KeyEvent,65535:17:2,C++Programming,Editor,D:/PNU_2-1/C++Programming/HW/092_IOrganization/OrgTest.cpp,,19,12,Changes
2024-06-14T15:42:51.601+09:00,codjs,KeyEvent,65535:17:2,C++Programming,Editor,D:/PNU_2-1/C++Programming/HW/092_IOrganization/OrgTest.cpp,,19,12,Changes
2024-06-14T15:42:51.636+09:00,codjs,KeyEvent,65535:17:2,C++Programming,Editor,D:/PNU_2-1/C++Programming/HW/092_IOrganization/OrgTest.cpp,,19,12,Changes
2024-06-14T15:42:51.670+09:00,codjs,KeyEvent,65535:17:2,C++Programming,Editor,D:/PNU_2-1/C++Programming/HW/092_IOrganization/OrgTest.cpp,,19,12,Changes
2024-06-14T15:42:51.699+09:00,codjs,KeyEvent,65535:16:3,C++Programming,Editor,D:/PNU_2-1/C++Programming/HW/092_IOrganization/OrgTest.cpp,,19,12,Changes
2024-06-14T15:42:51.852+09:00,codjs,KeyEvent,65535:121:3,C++Programming,Editor,D:/PNU_2-1/C++Programming/HW/092_IOrganization/OrgTest.cpp,,19,12,Changes
2024-06-14T15:43:49.488+09:00,codjs,KeyEvent,10:10:0,C++Programming,Editor,D:/PNU_2-1/C++Programming/HW/092_IOrganization/Organization.h,,29,4,Changes
2024-06-14T15:43:57.155+09:00,codjs,KeyEvent,8:8:0,C++Programming,Editor,D:/PNU_2-1/C++Programming/HW/092_IOrganization/IOrganization.h,,21,5,Changes
2024-06-14T15:43:57.298+09:00,codjs,KeyEvent,8:8:0,C++Programming,Editor,D:/PNU_2-1/C++Programming/HW/092_IOrganization/IOrganization.h,,21,4,Changes
2024-06-14T15:44:00.702+09:00,codjs,KeyEvent,118:86:0,C++Programming,Editor,D:/PNU_2-1/C++Programming/HW/092_IOrganization/Organization.h,,29,4,Changes
2024-06-14T15:44:00.798+09:00,codjs,KeyEvent,111:79:0,C++Programming,Editor,D:/PNU_2-1/C++Programming/HW/092_IOrganization/Organization.h,,29,5,Changes
2024-06-14T15:44:00.828+09:00,codjs,KeyEvent,105:73:0,C++Programming,Editor,D:/PNU_2-1/C++Programming/HW/092_IOrganization/Organization.h,,29,6,Changes
2024-06-14T15:44:01.019+09:00,codjs,KeyEvent,100:68:0,C++Programming,Editor,D:/PNU_2-1/C++Programming/HW/092_IOrganization/Organization.h,,29,7,Changes
2024-06-14T15:44:01.043+09:00,codjs,KeyEvent,32:32:0,C++Programming,Editor,D:/PNU_2-1/C++Programming/HW/092_IOrganization/Organization.h,,29,8,Changes
2024-06-14T15:44:01.462+09:00,codjs,KeyEvent,109:77:0,C++Programming,Editor,D:/PNU_2-1/C++Programming/HW/092_IOrganization/Organization.h,,29,9,Changes
2024-06-14T15:44:01.535+09:00,codjs,KeyEvent,111:79:0,C++Programming,Editor,D:/PNU_2-1/C++Programming/HW/092_IOrganization/Organization.h,,29,10,Changes
2024-06-14T15:44:01.657+09:00,codjs,KeyEvent,118:86:0,C++Programming,Editor,D:/PNU_2-1/C++Programming/HW/092_IOrganization/Organization.h,,29,11,Changes
2024-06-14T15:44:02.051+09:00,codjs,KeyEvent,101:69:0,C++Programming,Editor,D:/PNU_2-1/C++Programming/HW/092_IOrganization/Organization.h,,29,12,Changes
2024-06-14T15:44:02.370+09:00,codjs,KeyEvent,65535:16:1,C++Programming,Editor,D:/PNU_2-1/C++Programming/HW/092_IOrganization/Organization.h,,29,13,Changes
2024-06-14T15:44:02.445+09:00,codjs,KeyEvent,69:69:1,C++Programming,Editor,D:/PNU_2-1/C++Programming/HW/092_IOrganization/Organization.h,,29,13,Changes
2024-06-14T15:44:02.558+09:00,codjs,KeyEvent,77:77:1,C++Programming,Editor,D:/PNU_2-1/C++Programming/HW/092_IOrganization/Organization.h,,29,14,Changes
2024-06-14T15:44:02.673+09:00,codjs,KeyEvent,112:80:0,C++Programming,Editor,D:/PNU_2-1/C++Programming/HW/092_IOrganization/Organization.h,,29,15,Changes
2024-06-14T15:44:03.305+09:00,codjs,KeyEvent,8:8:0,C++Programming,Editor,D:/PNU_2-1/C++Programming/HW/092_IOrganization/Organization.h,,29,15,Changes
2024-06-14T15:44:03.427+09:00,codjs,KeyEvent,8:8:0,C++Programming,Editor,D:/PNU_2-1/C++Programming/HW/092_IOrganization/Organization.h,,29,14,Changes
2024-06-14T15:44:03.621+09:00,codjs,KeyEvent,109:77:0,C++Programming,Editor,D:/PNU_2-1/C++Programming/HW/092_IOrganization/Organization.h,,29,14,Changes
2024-06-14T15:44:03.714+09:00,codjs,KeyEvent,112:80:0,C++Programming,Editor,D:/PNU_2-1/C++Programming/HW/092_IOrganization/Organization.h,,29,15,Changes
2024-06-14T15:44:04.314+09:00,codjs,KeyEvent,65535:16:1,C++Programming,Editor,D:/PNU_2-1/C++Programming/HW/092_IOrganization/Organization.h,,29,16,Changes
2024-06-14T15:44:04.390+09:00,codjs,KeyEvent,40:57:1,C++Programming,Editor,D:/PNU_2-1/C++Programming/HW/092_IOrganization/Organization.h,,29,16,Changes
2024-06-14T15:44:04.951+09:00,codjs,KeyEvent,65535:39:0,C++Programming,Editor,D:/PNU_2-1/C++Programming/HW/092_IOrganization/Organization.h,,29,18,Changes
2024-06-14T15:44:05.509+09:00,codjs,KeyEvent,65535:16:1,C++Programming,Editor,D:/PNU_2-1/C++Programming/HW/092_IOrganization/Organization.h,,29,18,Changes
2024-06-14T15:44:05.569+09:00,codjs,KeyEvent,123:91:1,C++Programming,Editor,D:/PNU_2-1/C++Programming/HW/092_IOrganization/Organization.h,,29,18,Changes
2024-06-14T15:44:05.807+09:00,codjs,KeyEvent,10:10:0,C++Programming,Editor,D:/PNU_2-1/C++Programming/HW/092_IOrganization/Organization.h,,30,8,Changes
2024-06-14T15:44:08.613+09:00,codjs,KeyEvent,32:32:0,C++Programming,Editor,D:/PNU_2-1/C++Programming/HW/092_IOrganization/Organization.h,,29,18,Changes
2024-06-14T15:44:08.818+09:00,codjs,KeyEvent,99:67:0,C++Programming,Editor,D:/PNU_2-1/C++Programming/HW/092_IOrganization/Organization.h,,29,19,Changes
2024-06-14T15:44:09.289+09:00,codjs,KeyEvent,8:8:0,C++Programming,Editor,D:/PNU_2-1/C++Programming/HW/092_IOrganization/Organization.h,,29,19,Changes
2024-06-14T15:44:09.770+09:00,codjs,KeyEvent,111:79:0,C++Programming,Editor,D:/PNU_2-1/C++Programming/HW/092_IOrganization/Organization.h,,29,19,Changes
2024-06-14T15:44:09.880+09:00,codjs,KeyEvent,118:86:0,C++Programming,Editor,D:/PNU_2-1/C++Programming/HW/092_IOrganization/Organization.h,,29,20,Changes
2024-06-14T15:44:10.032+09:00,codjs,KeyEvent,101:69:0,C++Programming,Editor,D:/PNU_2-1/C++Programming/HW/092_IOrganization/Organization.h,,29,21,Changes
2024-06-14T15:44:10.359+09:00,codjs,KeyEvent,9:9:0,C++Programming,Editor,D:/PNU_2-1/C++Programming/HW/092_IOrganization/Organization.h,,29,27,Changes
2024-06-14T15:44:10.830+09:00,codjs,KeyEvent,32:32:0,C++Programming,Editor,D:/PNU_2-1/C++Programming/HW/092_IOrganization/Organization.h,,29,27,Changes
2024-06-14T15:44:19.956+09:00,codjs,KeyEvent,98:66:0,C++Programming,Editor,D:/PNU_2-1/C++Programming/HW/092_IOrganization/Organization.h,,29,8,Changes
2024-06-14T15:44:20.003+09:00,codjs,KeyEvent,111:79:0,C++Programming,Editor,D:/PNU_2-1/C++Programming/HW/092_IOrganization/Organization.h,,29,5,Changes
2024-06-14T15:44:20.161+09:00,codjs,KeyEvent,111:79:0,C++Programming,Editor,D:/PNU_2-1/C++Programming/HW/092_IOrganization/Organization.h,,29,6,Changes
2024-06-14T15:44:20.327+09:00,codjs,KeyEvent,108:76:0,C++Programming,Editor,D:/PNU_2-1/C++Programming/HW/092_IOrganization/Organization.h,,29,7,Changes
2024-06-14T15:44:30.146+09:00,codjs,KeyEvent,65535:17:2,C++Programming,Editor,D:/PNU_2-1/C++Programming/HW/092_IOrganization/IOrganization.h,,21,67,Changes
2024-06-14T15:44:30.333+09:00,codjs,KeyEvent,3:67:2,C++Programming,Editor,D:/PNU_2-1/C++Programming/HW/092_IOrganization/IOrganization.h,,21,67,Changes
2024-06-14T15:44:34.604+09:00,codjs,KeyEvent,65535:17:2,C++Programming,Editor,D:/PNU_2-1/C++Programming/HW/092_IOrganization/Organization.h,,29,17,Changes
2024-06-14T15:44:34.949+09:00,codjs,KeyEvent,22:86:2,C++Programming,Editor,D:/PNU_2-1/C++Programming/HW/092_IOrganization/Organization.h,,29,59,Changes
2024-06-14T15:45:16.066+09:00,codjs,KeyEvent,102:70:0,C++Programming,Editor,D:/PNU_2-1/C++Programming/HW/092_IOrganization/Organization.h,,30,8,Changes
2024-06-14T15:45:16.331+09:00,codjs,KeyEvent,114:82:0,C++Programming,Editor,D:/PNU_2-1/C++Programming/HW/092_IOrganization/Organization.h,,30,9,Changes
2024-06-14T15:45:16.460+09:00,codjs,KeyEvent,111:79:0,C++Programming,Editor,D:/PNU_2-1/C++Programming/HW/092_IOrganization/Organization.h,,30,10,Changes
2024-06-14T15:45:16.643+09:00,codjs,KeyEvent,32:32:0,C++Programming,Editor,D:/PNU_2-1/C++Programming/HW/092_IOrganization/Organization.h,,30,11,Changes
2024-06-14T15:46:48.919+09:00,codjs,KeyEvent,109:77:0,C++Programming,Editor,D:/PNU_2-1/C++Programming/HW/092_IOrganization/Organization.h,,30,11,Changes
2024-06-14T15:46:50.807+09:00,codjs,KeyEvent,9:9:0,C++Programming,Editor,D:/PNU_2-1/C++Programming/HW/092_IOrganization/Organization.h,,30,17,Changes
2024-06-14T15:46:52.630+09:00,codjs,KeyEvent,45:45:0,C++Programming,Editor,D:/PNU_2-1/C++Programming/HW/092_IOrganization/Organization.h,,30,17,Changes
2024-06-14T15:46:53.379+09:00,codjs,KeyEvent,65535:16:1,C++Programming,Editor,D:/PNU_2-1/C++Programming/HW/092_IOrganization/Organization.h,,30,18,Changes
2024-06-14T15:46:53.464+09:00,codjs,KeyEvent,62:46:1,C++Programming,Editor,D:/PNU_2-1/C++Programming/HW/092_IOrganization/Organization.h,,30,18,Changes
2024-06-14T15:46:55.776+09:00,codjs,KeyEvent,32:32:0,C++Programming,Editor,D:/PNU_2-1/C++Programming/HW/092_IOrganization/Organization.h,,30,19,Changes
2024-06-14T15:46:56.205+09:00,codjs,KeyEvent,8:8:0,C++Programming,Editor,D:/PNU_2-1/C++Programming/HW/092_IOrganization/Organization.h,,30,19,Changes
2024-06-14T15:46:57.645+09:00,codjs,KeyEvent,114:82:0,C++Programming,Editor,D:/PNU_2-1/C++Programming/HW/092_IOrganization/Organization.h,,30,19,Changes
2024-06-14T15:46:57.751+09:00,codjs,KeyEvent,101:69:0,C++Programming,Editor,D:/PNU_2-1/C++Programming/HW/092_IOrganization/Organization.h,,30,20,Changes
2024-06-14T15:46:59.521+09:00,codjs,KeyEvent,109:77:0,C++Programming,Editor,D:/PNU_2-1/C++Programming/HW/092_IOrganization/Organization.h,,30,21,Changes
2024-06-14T15:46:59.610+09:00,codjs,KeyEvent,111:79:0,C++Programming,Editor,D:/PNU_2-1/C++Programming/HW/092_IOrganization/Organization.h,,30,22,Changes
2024-06-14T15:46:59.656+09:00,codjs,KeyEvent,118:86:0,C++Programming,Editor,D:/PNU_2-1/C++Programming/HW/092_IOrganization/Organization.h,,30,23,Changes
2024-06-14T15:46:59.818+09:00,codjs,KeyEvent,101:69:0,C++Programming,Editor,D:/PNU_2-1/C++Programming/HW/092_IOrganization/Organization.h,,30,24,Changes
2024-06-14T15:47:01.161+09:00,codjs,KeyEvent,65535:16:1,C++Programming,Editor,D:/PNU_2-1/C++Programming/HW/092_IOrganization/Organization.h,,30,25,Changes
2024-06-14T15:47:01.357+09:00,codjs,KeyEvent,69:69:1,C++Programming,Editor,D:/PNU_2-1/C++Programming/HW/092_IOrganization/Organization.h,,30,25,Changes
2024-06-14T15:47:01.418+09:00,codjs,KeyEvent,77:77:1,C++Programming,Editor,D:/PNU_2-1/C++Programming/HW/092_IOrganization/Organization.h,,30,26,Changes
2024-06-14T15:47:02.221+09:00,codjs,KeyEvent,8:8:0,C++Programming,Editor,D:/PNU_2-1/C++Programming/HW/092_IOrganization/Organization.h,,30,26,Changes
2024-06-14T15:47:02.422+09:00,codjs,KeyEvent,109:77:0,C++Programming,Editor,D:/PNU_2-1/C++Programming/HW/092_IOrganization/Organization.h,,30,26,Changes
2024-06-14T15:47:02.522+09:00,codjs,KeyEvent,112:80:0,C++Programming,Editor,D:/PNU_2-1/C++Programming/HW/092_IOrganization/Organization.h,,30,27,Changes
2024-06-14T15:47:02.762+09:00,codjs,KeyEvent,108:76:0,C++Programming,Editor,D:/PNU_2-1/C++Programming/HW/092_IOrganization/Organization.h,,30,28,Changes
2024-06-14T15:47:03.197+09:00,codjs,KeyEvent,111:79:0,C++Programming,Editor,D:/PNU_2-1/C++Programming/HW/092_IOrganization/Organization.h,,30,29,Changes
2024-06-14T15:47:03.293+09:00,codjs,KeyEvent,116:84:0,C++Programming,Editor,D:/PNU_2-1/C++Programming/HW/092_IOrganization/Organization.h,,30,30,Changes
2024-06-14T15:47:03.496+09:00,codjs,KeyEvent,101:69:0,C++Programming,Editor,D:/PNU_2-1/C++Programming/HW/092_IOrganization/Organization.h,,30,31,Changes
2024-06-14T15:47:03.866+09:00,codjs,KeyEvent,8:8:0,C++Programming,Editor,D:/PNU_2-1/C++Programming/HW/092_IOrganization/Organization.h,,30,31,Changes
2024-06-14T15:47:04.018+09:00,codjs,KeyEvent,8:8:0,C++Programming,Editor,D:/PNU_2-1/C++Programming/HW/092_IOrganization/Organization.h,,30,30,Changes
2024-06-14T15:47:04.591+09:00,codjs,KeyEvent,121:89:0,C++Programming,Editor,D:/PNU_2-1/C++Programming/HW/092_IOrganization/Organization.h,,30,30,Changes
2024-06-14T15:47:04.675+09:00,codjs,KeyEvent,101:69:0,C++Programming,Editor,D:/PNU_2-1/C++Programming/HW/092_IOrganization/Organization.h,,30,31,Changes
2024-06-14T15:47:04.821+09:00,codjs,KeyEvent,101:69:0,C++Programming,Editor,D:/PNU_2-1/C++Programming/HW/092_IOrganization/Organization.h,,30,32,Changes
2024-06-14T15:47:07.131+09:00,codjs,KeyEvent,65535:16:1,C++Programming,Editor,D:/PNU_2-1/C++Programming/HW/092_IOrganization/Organization.h,,30,33,Changes
2024-06-14T15:47:07.316+09:00,codjs,KeyEvent,40:57:1,C++Programming,Editor,D:/PNU_2-1/C++Programming/HW/092_IOrganization/Organization.h,,30,33,Changes
2024-06-14T15:47:07.892+09:00,codjs,KeyEvent,101:69:0,C++Programming,Editor,D:/PNU_2-1/C++Programming/HW/092_IOrganization/Organization.h,,30,34,Changes
2024-06-14T15:47:07.953+09:00,codjs,KeyEvent,109:77:0,C++Programming,Editor,D:/PNU_2-1/C++Programming/HW/092_IOrganization/Organization.h,,30,35,Changes
2024-06-14T15:47:08.041+09:00,codjs,KeyEvent,112:80:0,C++Programming,Editor,D:/PNU_2-1/C++Programming/HW/092_IOrganization/Organization.h,,30,36,Changes
2024-06-14T15:47:09.375+09:00,codjs,KeyEvent,46:46:0,C++Programming,Editor,D:/PNU_2-1/C++Programming/HW/092_IOrganization/Organization.h,,30,37,Changes
2024-06-14T15:47:09.575+09:00,codjs,KeyEvent,103:71:0,C++Programming,Editor,D:/PNU_2-1/C++Programming/HW/092_IOrganization/Organization.h,,30,38,Changes
2024-06-14T15:47:09.689+09:00,codjs,KeyEvent,101:69:0,C++Programming,Editor,D:/PNU_2-1/C++Programming/HW/092_IOrganization/Organization.h,,30,39,Changes
2024-06-14T15:47:09.769+09:00,codjs,KeyEvent,116:84:0,C++Programming,Editor,D:/PNU_2-1/C++Programming/HW/092_IOrganization/Organization.h,,30,40,Changes
2024-06-14T15:47:10.798+09:00,codjs,KeyEvent,65535:39:0,C++Programming,Editor,D:/PNU_2-1/C++Programming/HW/092_IOrganization/Organization.h,,30,42,Changes
2024-06-14T15:47:12.030+09:00,codjs,KeyEvent,65535:37:0,C++Programming,Editor,D:/PNU_2-1/C++Programming/HW/092_IOrganization/Organization.h,,30,41,Changes
2024-06-14T15:47:12.606+09:00,codjs,KeyEvent,65535:16:1,C++Programming,Editor,D:/PNU_2-1/C++Programming/HW/092_IOrganization/Organization.h,,30,41,Changes
2024-06-14T15:47:12.693+09:00,codjs,KeyEvent,40:57:1,C++Programming,Editor,D:/PNU_2-1/C++Programming/HW/092_IOrganization/Organization.h,,30,41,Changes
2024-06-14T15:47:13.229+09:00,codjs,KeyEvent,65535:39:0,C++Programming,Editor,D:/PNU_2-1/C++Programming/HW/092_IOrganization/Organization.h,,30,43,Changes
2024-06-14T15:47:13.604+09:00,codjs,KeyEvent,65535:39:0,C++Programming,Editor,D:/PNU_2-1/C++Programming/HW/092_IOrganization/Organization.h,,30,44,Changes
2024-06-14T15:47:14.458+09:00,codjs,KeyEvent,59:59:0,C++Programming,Editor,D:/PNU_2-1/C++Programming/HW/092_IOrganization/Organization.h,,30,44,Changes
2024-06-14T15:47:21.013+09:00,codjs,KeyEvent,10:10:0,C++Programming,Editor,D:/PNU_2-1/C++Programming/HW/092_IOrganization/Department.h,,21,4,Changes
2024-06-14T15:47:21.436+09:00,codjs,KeyEvent,118:86:0,C++Programming,Editor,D:/PNU_2-1/C++Programming/HW/092_IOrganization/Department.h,,21,4,Changes
2024-06-14T15:47:21.530+09:00,codjs,KeyEvent,111:79:0,C++Programming,Editor,D:/PNU_2-1/C++Programming/HW/092_IOrganization/Department.h,,21,5,Changes
2024-06-14T15:47:21.574+09:00,codjs,KeyEvent,105:73:0,C++Programming,Editor,D:/PNU_2-1/C++Programming/HW/092_IOrganization/Department.h,,21,6,Changes
2024-06-14T15:47:21.680+09:00,codjs,KeyEvent,100:68:0,C++Programming,Editor,D:/PNU_2-1/C++Programming/HW/092_IOrganization/Department.h,,21,7,Changes
2024-06-14T15:47:21.803+09:00,codjs,KeyEvent,32:32:0,C++Programming,Editor,D:/PNU_2-1/C++Programming/HW/092_IOrganization/Department.h,,21,8,Changes
2024-06-14T15:47:21.946+09:00,codjs,KeyEvent,114:82:0,C++Programming,Editor,D:/PNU_2-1/C++Programming/HW/092_IOrganization/Department.h,,21,9,Changes
2024-06-14T15:47:22.050+09:00,codjs,KeyEvent,101:69:0,C++Programming,Editor,D:/PNU_2-1/C++Programming/HW/092_IOrganization/Department.h,,21,10,Changes
2024-06-14T15:47:22.264+09:00,codjs,KeyEvent,109:77:0,C++Programming,Editor,D:/PNU_2-1/C++Programming/HW/092_IOrganization/Department.h,,21,11,Changes
2024-06-14T15:47:22.358+09:00,codjs,KeyEvent,111:79:0,C++Programming,Editor,D:/PNU_2-1/C++Programming/HW/092_IOrganization/Department.h,,21,12,Changes
2024-06-14T15:47:22.434+09:00,codjs,KeyEvent,118:86:0,C++Programming,Editor,D:/PNU_2-1/C++Programming/HW/092_IOrganization/Department.h,,21,13,Changes
2024-06-14T15:47:22.546+09:00,codjs,KeyEvent,101:69:0,C++Programming,Editor,D:/PNU_2-1/C++Programming/HW/092_IOrganization/Department.h,,21,14,Changes
2024-06-14T15:47:22.799+09:00,codjs,KeyEvent,65535:16:1,C++Programming,Editor,D:/PNU_2-1/C++Programming/HW/092_IOrganization/Department.h,,21,15,Changes
2024-06-14T15:47:22.930+09:00,codjs,KeyEvent,69:69:1,C++Programming,Editor,D:/PNU_2-1/C++Programming/HW/092_IOrganization/Department.h,,21,15,Changes
2024-06-14T15:47:23.020+09:00,codjs,KeyEvent,109:77:0,C++Programming,Editor,D:/PNU_2-1/C++Programming/HW/092_IOrganization/Department.h,,21,16,Changes
2024-06-14T15:47:23.155+09:00,codjs,KeyEvent,112:80:0,C++Programming,Editor,D:/PNU_2-1/C++Programming/HW/092_IOrganization/Department.h,,21,17,Changes
2024-06-14T15:47:24.172+09:00,codjs,KeyEvent,108:76:0,C++Programming,Editor,D:/PNU_2-1/C++Programming/HW/092_IOrganization/Department.h,,21,18,Changes
2024-06-14T15:47:24.711+09:00,codjs,KeyEvent,117:85:0,C++Programming,Editor,D:/PNU_2-1/C++Programming/HW/092_IOrganization/Department.h,,21,19,Changes
2024-06-14T15:47:25.258+09:00,codjs,KeyEvent,8:8:0,C++Programming,Editor,D:/PNU_2-1/C++Programming/HW/092_IOrganization/Department.h,,21,19,Changes
2024-06-14T15:47:25.466+09:00,codjs,KeyEvent,111:79:0,C++Programming,Editor,D:/PNU_2-1/C++Programming/HW/092_IOrganization/Department.h,,21,19,Changes
2024-06-14T15:47:25.887+09:00,codjs,KeyEvent,121:89:0,C++Programming,Editor,D:/PNU_2-1/C++Programming/HW/092_IOrganization/Department.h,,21,20,Changes
2024-06-14T15:47:25.994+09:00,codjs,KeyEvent,101:69:0,C++Programming,Editor,D:/PNU_2-1/C++Programming/HW/092_IOrganization/Department.h,,21,21,Changes
2024-06-14T15:47:26.168+09:00,codjs,KeyEvent,101:69:0,C++Programming,Editor,D:/PNU_2-1/C++Programming/HW/092_IOrganization/Department.h,,21,22,Changes
2024-06-14T15:47:27.614+09:00,codjs,KeyEvent,65535:16:1,C++Programming,Editor,D:/PNU_2-1/C++Programming/HW/092_IOrganization/Department.h,,21,23,Changes
2024-06-14T15:47:27.682+09:00,codjs,KeyEvent,40:57:1,C++Programming,Editor,D:/PNU_2-1/C++Programming/HW/092_IOrganization/Department.h,,21,23,Changes
2024-06-14T15:47:31.790+09:00,codjs,KeyEvent,65535:16:1,C++Programming,Editor,D:/PNU_2-1/C++Programming/HW/092_IOrganization/Department.h,,21,24,Changes
2024-06-14T15:47:31.958+09:00,codjs,KeyEvent,69:69:1,C++Programming,Editor,D:/PNU_2-1/C++Programming/HW/092_IOrganization/Department.h,,21,24,Changes
2024-06-14T15:47:32.049+09:00,codjs,KeyEvent,77:77:1,C++Programming,Editor,D:/PNU_2-1/C++Programming/HW/092_IOrganization/Department.h,,21,25,Changes
2024-06-14T15:47:32.802+09:00,codjs,KeyEvent,8:8:0,C++Programming,Editor,D:/PNU_2-1/C++Programming/HW/092_IOrganization/Department.h,,21,25,Changes
2024-06-14T15:47:33.016+09:00,codjs,KeyEvent,109:77:0,C++Programming,Editor,D:/PNU_2-1/C++Programming/HW/092_IOrganization/Department.h,,21,25,Changes
2024-06-14T15:47:33.110+09:00,codjs,KeyEvent,112:80:0,C++Programming,Editor,D:/PNU_2-1/C++Programming/HW/092_IOrganization/Department.h,,21,26,Changes
2024-06-14T15:47:33.858+09:00,codjs,KeyEvent,9:9:0,C++Programming,Editor,D:/PNU_2-1/C++Programming/HW/092_IOrganization/Department.h,,21,32,Changes
2024-06-14T15:47:34.623+09:00,codjs,KeyEvent,65535:16:1,C++Programming,Editor,D:/PNU_2-1/C++Programming/HW/092_IOrganization/Department.h,,21,32,Changes
2024-06-14T15:47:34.690+09:00,codjs,KeyEvent,42:56:1,C++Programming,Editor,D:/PNU_2-1/C++Programming/HW/092_IOrganization/Department.h,,21,32,Changes
2024-06-14T15:47:35.198+09:00,codjs,KeyEvent,32:32:0,C++Programming,Editor,D:/PNU_2-1/C++Programming/HW/092_IOrganization/Department.h,,21,33,Changes
2024-06-14T15:47:35.301+09:00,codjs,KeyEvent,112:80:0,C++Programming,Editor,D:/PNU_2-1/C++Programming/HW/092_IOrganization/Department.h,,21,34,Changes
2024-06-14T15:47:36.075+09:00,codjs,KeyEvent,65535:39:0,C++Programming,Editor,D:/PNU_2-1/C++Programming/HW/092_IOrganization/Department.h,,21,36,Changes
2024-06-14T15:47:36.539+09:00,codjs,KeyEvent,65535:16:1,C++Programming,Editor,D:/PNU_2-1/C++Programming/HW/092_IOrganization/Department.h,,21,36,Changes
2024-06-14T15:47:36.611+09:00,codjs,KeyEvent,123:91:1,C++Programming,Editor,D:/PNU_2-1/C++Programming/HW/092_IOrganization/Department.h,,21,36,Changes
2024-06-14T15:47:36.807+09:00,codjs,KeyEvent,10:10:0,C++Programming,Editor,D:/PNU_2-1/C++Programming/HW/092_IOrganization/Department.h,,22,8,Changes
2024-06-14T15:47:47.877+09:00,codjs,KeyEvent,112:80:0,C++Programming,Editor,D:/PNU_2-1/C++Programming/HW/092_IOrganization/Department.h,,22,8,Changes
2024-06-14T15:47:48.495+09:00,codjs,KeyEvent,46:46:0,C++Programming,Editor,D:/PNU_2-1/C++Programming/HW/092_IOrganization/Department.h,,22,9,Changes
2024-06-14T15:47:50.770+09:00,codjs,KeyEvent,101:69:0,C++Programming,Editor,D:/PNU_2-1/C++Programming/HW/092_IOrganization/Department.h,,22,10,Changes
2024-06-14T15:47:50.841+09:00,codjs,KeyEvent,114:82:0,C++Programming,Editor,D:/PNU_2-1/C++Programming/HW/092_IOrganization/Department.h,,22,11,Changes
2024-06-14T15:47:51.727+09:00,codjs,KeyEvent,97:65:0,C++Programming,Editor,D:/PNU_2-1/C++Programming/HW/092_IOrganization/Department.h,,22,12,Changes
2024-06-14T15:47:52.858+09:00,codjs,KeyEvent,115:83:0,C++Programming,Editor,D:/PNU_2-1/C++Programming/HW/092_IOrganization/Department.h,,22,13,Changes
2024-06-14T15:47:52.926+09:00,codjs,KeyEvent,101:69:0,C++Programming,Editor,D:/PNU_2-1/C++Programming/HW/092_IOrganization/Department.h,,22,14,Changes
2024-06-14T15:47:54.945+09:00,codjs,KeyEvent,8:8:0,C++Programming,Editor,D:/PNU_2-1/C++Programming/HW/092_IOrganization/Department.h,,22,14,Changes
2024-06-14T15:47:55.045+09:00,codjs,KeyEvent,8:8:0,C++Programming,Editor,D:/PNU_2-1/C++Programming/HW/092_IOrganization/Department.h,,22,13,Changes
2024-06-14T15:47:55.188+09:00,codjs,KeyEvent,8:8:0,C++Programming,Editor,D:/PNU_2-1/C++Programming/HW/092_IOrganization/Department.h,,22,12,Changes
2024-06-14T15:47:55.427+09:00,codjs,KeyEvent,8:8:0,C++Programming,Editor,D:/PNU_2-1/C++Programming/HW/092_IOrganization/Department.h,,22,11,Changes
2024-06-14T15:47:56.344+09:00,codjs,KeyEvent,8:8:0,C++Programming,Editor,D:/PNU_2-1/C++Programming/HW/092_IOrganization/Department.h,,22,10,Changes
2024-06-14T15:47:56.684+09:00,codjs,KeyEvent,8:8:0,C++Programming,Editor,D:/PNU_2-1/C++Programming/HW/092_IOrganization/Department.h,,22,9,Changes
2024-06-14T15:47:56.871+09:00,codjs,KeyEvent,8:8:0,C++Programming,Editor,D:/PNU_2-1/C++Programming/HW/092_IOrganization/Department.h,,22,8,Changes
2024-06-14T15:47:57.160+09:00,codjs,KeyEvent,101:69:0,C++Programming,Editor,D:/PNU_2-1/C++Programming/HW/092_IOrganization/Department.h,,22,8,Changes
2024-06-14T15:47:57.236+09:00,codjs,KeyEvent,109:77:0,C++Programming,Editor,D:/PNU_2-1/C++Programming/HW/092_IOrganization/Department.h,,22,9,Changes
2024-06-14T15:47:57.329+09:00,codjs,KeyEvent,112:80:0,C++Programming,Editor,D:/PNU_2-1/C++Programming/HW/092_IOrganization/Department.h,,22,10,Changes
2024-06-14T15:47:57.867+09:00,codjs,KeyEvent,9:9:0,C++Programming,Editor,D:/PNU_2-1/C++Programming/HW/092_IOrganization/Department.h,,22,17,Changes
2024-06-14T15:47:58.627+09:00,codjs,KeyEvent,46:46:0,C++Programming,Editor,D:/PNU_2-1/C++Programming/HW/092_IOrganization/Department.h,,22,17,Changes
2024-06-14T15:47:58.829+09:00,codjs,KeyEvent,101:69:0,C++Programming,Editor,D:/PNU_2-1/C++Programming/HW/092_IOrganization/Department.h,,22,18,Changes
2024-06-14T15:47:59.095+09:00,codjs,KeyEvent,114:82:0,C++Programming,Editor,D:/PNU_2-1/C++Programming/HW/092_IOrganization/Department.h,,22,19,Changes
2024-06-14T15:47:59.212+09:00,codjs,KeyEvent,97:65:0,C++Programming,Editor,D:/PNU_2-1/C++Programming/HW/092_IOrganization/Department.h,,22,20,Changes
2024-06-14T15:47:59.815+09:00,codjs,KeyEvent,115:83:0,C++Programming,Editor,D:/PNU_2-1/C++Programming/HW/092_IOrganization/Department.h,,22,21,Changes
2024-06-14T15:47:59.886+09:00,codjs,KeyEvent,101:69:0,C++Programming,Editor,D:/PNU_2-1/C++Programming/HW/092_IOrganization/Department.h,,22,22,Changes
2024-06-14T15:48:00.390+09:00,codjs,KeyEvent,65535:16:1,C++Programming,Editor,D:/PNU_2-1/C++Programming/HW/092_IOrganization/Department.h,,22,23,Changes
2024-06-14T15:48:00.456+09:00,codjs,KeyEvent,40:57:1,C++Programming,Editor,D:/PNU_2-1/C++Programming/HW/092_IOrganization/Department.h,,22,23,Changes
2024-06-14T15:48:01.178+09:00,codjs,KeyEvent,114:82:0,C++Programming,Editor,D:/PNU_2-1/C++Programming/HW/092_IOrganization/Department.h,,22,24,Changes
2024-06-14T15:48:01.262+09:00,codjs,KeyEvent,101:69:0,C++Programming,Editor,D:/PNU_2-1/C++Programming/HW/092_IOrganization/Department.h,,22,25,Changes