2024-06-20T00:26:09.784+09:00,codjs,KeyEvent,65535:40:0,C++Programming,Editor,D:/PNU_2-1/C++Programming/HW/110_Exception_Stack/main.cpp,,26,18,Changes
2024-06-20T00:26:09.968+09:00,codjs,KeyEvent,65535:40:0,C++Programming,Editor,D:/PNU_2-1/C++Programming/HW/110_Exception_Stack/main.cpp,,27,0,Changes
2024-06-20T00:26:10.224+09:00,codjs,KeyEvent,8:8:0,C++Programming,Editor,D:/PNU_2-1/C++Programming/HW/110_Exception_Stack/main.cpp,,26,18,Changes
2024-06-20T00:26:10.851+09:00,codjs,KeyEvent,65535:38:0,C++Programming,Editor,D:/PNU_2-1/C++Programming/HW/110_Exception_Stack/main.cpp,,25,21,Changes
2024-06-20T00:26:11.008+09:00,codjs,KeyEvent,65535:38:0,C++Programming,Editor,D:/PNU_2-1/C++Programming/HW/110_Exception_Stack/main.cpp,,24,18,Changes
2024-06-20T00:26:11.367+09:00,codjs,KeyEvent,65535:38:0,C++Programming,Editor,D:/PNU_2-1/C++Programming/HW/110_Exception_Stack/main.cpp,,23,21,Changes
2024-06-20T00:26:11.758+09:00,codjs,KeyEvent,65535:37:0,C++Programming,Editor,D:/PNU_2-1/C++Programming/HW/110_Exception_Stack/main.cpp,,23,20,Changes
2024-06-20T00:26:13.133+09:00,codjs,KeyEvent,65535:38:0,C++Programming,Editor,D:/PNU_2-1/C++Programming/HW/110_Exception_Stack/main.cpp,,22,0,Changes
2024-06-20T00:26:13.293+09:00,codjs,KeyEvent,65535:38:0,C++Programming,Editor,D:/PNU_2-1/C++Programming/HW/110_Exception_Stack/main.cpp,,21,16,Changes
2024-06-20T00:26:13.740+09:00,codjs,KeyEvent,65535:40:0,C++Programming,Editor,D:/PNU_2-1/C++Programming/HW/110_Exception_Stack/main.cpp,,22,0,Changes
2024-06-20T00:26:13.933+09:00,codjs,KeyEvent,65535:40:0,C++Programming,Editor,D:/PNU_2-1/C++Programming/HW/110_Exception_Stack/main.cpp,,23,20,Changes
2024-06-20T00:26:14.181+09:00,codjs,KeyEvent,65535:39:0,C++Programming,Editor,D:/PNU_2-1/C++Programming/HW/110_Exception_Stack/main.cpp,,23,21,Changes
2024-06-20T00:26:15.441+09:00,codjs,KeyEvent,65535:37:0,C++Programming,Editor,D:/PNU_2-1/C++Programming/HW/110_Exception_Stack/main.cpp,,23,20,Changes
2024-06-20T00:26:15.539+09:00,codjs,KeyEvent,52:52:0,C++Programming,Editor,D:/PNU_2-1/C++Programming/HW/110_Exception_Stack/main.cpp,,23,20,Changes
2024-06-20T00:26:15.684+09:00,codjs,KeyEvent,65535:40:0,C++Programming,Editor,D:/PNU_2-1/C++Programming/HW/110_Exception_Stack/main.cpp,,24,18,Changes
2024-06-20T00:26:15.923+09:00,codjs,KeyEvent,65535:37:0,C++Programming,Editor,D:/PNU_2-1/C++Programming/HW/110_Exception_Stack/main.cpp,,24,17,Changes
2024-06-20T00:26:16.136+09:00,codjs,KeyEvent,65535:37:0,C++Programming,Editor,D:/PNU_2-1/C++Programming/HW/110_Exception_Stack/main.cpp,,24,16,Changes
2024-06-20T00:26:16.661+09:00,codjs,KeyEvent,65535:37:0,C++Programming,Editor,D:/PNU_2-1/C++Programming/HW/110_Exception_Stack/main.cpp,,24,15,Changes
2024-06-20T00:26:16.689+09:00,codjs,KeyEvent,65535:37:0,C++Programming,Editor,D:/PNU_2-1/C++Programming/HW/110_Exception_Stack/main.cpp,,24,15,Changes
2024-06-20T00:26:16.770+09:00,codjs,KeyEvent,65535:37:0,C++Programming,Editor,D:/PNU_2-1/C++Programming/HW/110_Exception_Stack/main.cpp,,24,14,Changes
2024-06-20T00:26:16.924+09:00,codjs,KeyEvent,65535:37:0,C++Programming,Editor,D:/PNU_2-1/C++Programming/HW/110_Exception_Stack/main.cpp,,24,13,Changes
2024-06-20T00:26:17.100+09:00,codjs,KeyEvent,65535:37:0,C++Programming,Editor,D:/PNU_2-1/C++Programming/HW/110_Exception_Stack/main.cpp,,24,12,Changes
2024-06-20T00:26:17.255+09:00,codjs,KeyEvent,65535:37:0,C++Programming,Editor,D:/PNU_2-1/C++Programming/HW/110_Exception_Stack/main.cpp,,24,11,Changes
2024-06-20T00:26:17.408+09:00,codjs,KeyEvent,65535:37:0,C++Programming,Editor,D:/PNU_2-1/C++Programming/HW/110_Exception_Stack/main.cpp,,24,10,Changes
2024-06-20T00:26:17.527+09:00,codjs,KeyEvent,65535:37:0,C++Programming,Editor,D:/PNU_2-1/C++Programming/HW/110_Exception_Stack/main.cpp,,24,9,Changes
2024-06-20T00:26:17.841+09:00,codjs,KeyEvent,52:52:0,C++Programming,Editor,D:/PNU_2-1/C++Programming/HW/110_Exception_Stack/main.cpp,,24,9,Changes
2024-06-20T00:26:18.046+09:00,codjs,KeyEvent,65535:40:0,C++Programming,Editor,D:/PNU_2-1/C++Programming/HW/110_Exception_Stack/main.cpp,,25,10,Changes
2024-06-20T00:26:18.277+09:00,codjs,KeyEvent,65535:37:0,C++Programming,Editor,D:/PNU_2-1/C++Programming/HW/110_Exception_Stack/main.cpp,,25,9,Changes
2024-06-20T00:26:18.619+09:00,codjs,KeyEvent,52:52:0,C++Programming,Editor,D:/PNU_2-1/C++Programming/HW/110_Exception_Stack/main.cpp,,25,9,Changes
2024-06-20T00:26:18.695+09:00,codjs,KeyEvent,65535:40:0,C++Programming,Editor,D:/PNU_2-1/C++Programming/HW/110_Exception_Stack/main.cpp,,26,10,Changes
2024-06-20T00:26:18.946+09:00,codjs,KeyEvent,65535:37:0,C++Programming,Editor,D:/PNU_2-1/C++Programming/HW/110_Exception_Stack/main.cpp,,26,9,Changes
2024-06-20T00:26:19.215+09:00,codjs,KeyEvent,52:52:0,C++Programming,Editor,D:/PNU_2-1/C++Programming/HW/110_Exception_Stack/main.cpp,,26,9,Changes
2024-06-20T00:26:19.309+09:00,codjs,KeyEvent,65535:40:0,C++Programming,Editor,D:/PNU_2-1/C++Programming/HW/110_Exception_Stack/main.cpp,,27,10,Changes
2024-06-20T00:26:19.575+09:00,codjs,KeyEvent,65535:37:0,C++Programming,Editor,D:/PNU_2-1/C++Programming/HW/110_Exception_Stack/main.cpp,,27,9,Changes
2024-06-20T00:26:19.855+09:00,codjs,KeyEvent,52:52:0,C++Programming,Editor,D:/PNU_2-1/C++Programming/HW/110_Exception_Stack/main.cpp,,27,9,Changes
2024-06-20T00:26:20.186+09:00,codjs,KeyEvent,65535:38:0,C++Programming,Editor,D:/PNU_2-1/C++Programming/HW/110_Exception_Stack/main.cpp,,26,10,Changes
2024-06-20T00:26:20.714+09:00,codjs,KeyEvent,65535:38:0,C++Programming,Editor,D:/PNU_2-1/C++Programming/HW/110_Exception_Stack/main.cpp,,25,10,Changes
2024-06-20T00:26:20.743+09:00,codjs,KeyEvent,65535:38:0,C++Programming,Editor,D:/PNU_2-1/C++Programming/HW/110_Exception_Stack/main.cpp,,24,10,Changes
2024-06-20T00:26:20.781+09:00,codjs,KeyEvent,65535:38:0,C++Programming,Editor,D:/PNU_2-1/C++Programming/HW/110_Exception_Stack/main.cpp,,23,10,Changes
2024-06-20T00:26:20.814+09:00,codjs,KeyEvent,65535:38:0,C++Programming,Editor,D:/PNU_2-1/C++Programming/HW/110_Exception_Stack/main.cpp,,22,0,Changes
2024-06-20T00:26:20.844+09:00,codjs,KeyEvent,65535:38:0,C++Programming,Editor,D:/PNU_2-1/C++Programming/HW/110_Exception_Stack/main.cpp,,21,10,Changes
2024-06-20T00:26:20.880+09:00,codjs,KeyEvent,65535:38:0,C++Programming,Editor,D:/PNU_2-1/C++Programming/HW/110_Exception_Stack/main.cpp,,20,10,Changes
2024-06-20T00:26:20.911+09:00,codjs,KeyEvent,65535:38:0,C++Programming,Editor,D:/PNU_2-1/C++Programming/HW/110_Exception_Stack/main.cpp,,19,10,Changes
2024-06-20T00:26:20.946+09:00,codjs,KeyEvent,65535:38:0,C++Programming,Editor,D:/PNU_2-1/C++Programming/HW/110_Exception_Stack/main.cpp,,18,10,Changes
2024-06-20T00:26:21.267+09:00,codjs,KeyEvent,65535:37:0,C++Programming,Editor,D:/PNU_2-1/C++Programming/HW/110_Exception_Stack/main.cpp,,18,9,Changes
2024-06-20T00:26:21.680+09:00,codjs,KeyEvent,52:52:0,C++Programming,Editor,D:/PNU_2-1/C++Programming/HW/110_Exception_Stack/main.cpp,,18,9,Changes
2024-06-20T00:26:21.937+09:00,codjs,KeyEvent,65535:39:0,C++Programming,Editor,D:/PNU_2-1/C++Programming/HW/110_Exception_Stack/main.cpp,,18,11,Changes
2024-06-20T00:26:22.084+09:00,codjs,KeyEvent,65535:40:0,C++Programming,Editor,D:/PNU_2-1/C++Programming/HW/110_Exception_Stack/main.cpp,,19,11,Changes
2024-06-20T00:26:22.389+09:00,codjs,KeyEvent,65535:37:0,C++Programming,Editor,D:/PNU_2-1/C++Programming/HW/110_Exception_Stack/main.cpp,,19,10,Changes
2024-06-20T00:26:22.684+09:00,codjs,KeyEvent,65535:37:0,C++Programming,Editor,D:/PNU_2-1/C++Programming/HW/110_Exception_Stack/main.cpp,,19,9,Changes
2024-06-20T00:26:22.830+09:00,codjs,KeyEvent,52:52:0,C++Programming,Editor,D:/PNU_2-1/C++Programming/HW/110_Exception_Stack/main.cpp,,19,9,Changes
2024-06-20T00:26:22.913+09:00,codjs,KeyEvent,65535:40:0,C++Programming,Editor,D:/PNU_2-1/C++Programming/HW/110_Exception_Stack/main.cpp,,20,10,Changes
2024-06-20T00:26:23.243+09:00,codjs,KeyEvent,65535:37:0,C++Programming,Editor,D:/PNU_2-1/C++Programming/HW/110_Exception_Stack/main.cpp,,20,9,Changes
2024-06-20T00:26:23.530+09:00,codjs,KeyEvent,52:52:0,C++Programming,Editor,D:/PNU_2-1/C++Programming/HW/110_Exception_Stack/main.cpp,,20,9,Changes
2024-06-20T00:26:23.647+09:00,codjs,KeyEvent,65535:40:0,C++Programming,Editor,D:/PNU_2-1/C++Programming/HW/110_Exception_Stack/main.cpp,,21,10,Changes
2024-06-20T00:26:24.627+09:00,codjs,KeyEvent,65535:37:0,C++Programming,Editor,D:/PNU_2-1/C++Programming/HW/110_Exception_Stack/main.cpp,,21,9,Changes
2024-06-20T00:26:25.157+09:00,codjs,KeyEvent,52:52:0,C++Programming,Editor,D:/PNU_2-1/C++Programming/HW/110_Exception_Stack/main.cpp,,21,9,Changes
2024-06-20T00:26:25.229+09:00,codjs,KeyEvent,65535:38:0,C++Programming,Editor,D:/PNU_2-1/C++Programming/HW/110_Exception_Stack/main.cpp,,20,10,Changes
2024-06-20T00:26:25.760+09:00,codjs,KeyEvent,65535:38:0,C++Programming,Editor,D:/PNU_2-1/C++Programming/HW/110_Exception_Stack/main.cpp,,19,10,Changes
2024-06-20T00:26:25.786+09:00,codjs,KeyEvent,65535:38:0,C++Programming,Editor,D:/PNU_2-1/C++Programming/HW/110_Exception_Stack/main.cpp,,18,10,Changes
2024-06-20T00:26:25.825+09:00,codjs,KeyEvent,65535:38:0,C++Programming,Editor,D:/PNU_2-1/C++Programming/HW/110_Exception_Stack/main.cpp,,17,10,Changes
2024-06-20T00:26:25.935+09:00,codjs,KeyEvent,65535:38:0,C++Programming,Editor,D:/PNU_2-1/C++Programming/HW/110_Exception_Stack/main.cpp,,16,0,Changes
2024-06-20T00:26:26.282+09:00,codjs,KeyEvent,65535:40:0,C++Programming,Editor,D:/PNU_2-1/C++Programming/HW/110_Exception_Stack/main.cpp,,17,10,Changes
2024-06-20T00:26:26.532+09:00,codjs,KeyEvent,65535:39:0,C++Programming,Editor,D:/PNU_2-1/C++Programming/HW/110_Exception_Stack/main.cpp,,17,11,Changes
2024-06-20T00:26:27.057+09:00,codjs,KeyEvent,65535:39:0,C++Programming,Editor,D:/PNU_2-1/C++Programming/HW/110_Exception_Stack/main.cpp,,17,12,Changes
2024-06-20T00:26:27.088+09:00,codjs,KeyEvent,65535:39:0,C++Programming,Editor,D:/PNU_2-1/C++Programming/HW/110_Exception_Stack/main.cpp,,17,13,Changes
2024-06-20T00:26:27.118+09:00,codjs,KeyEvent,65535:39:0,C++Programming,Editor,D:/PNU_2-1/C++Programming/HW/110_Exception_Stack/main.cpp,,17,14,Changes
2024-06-20T00:26:27.154+09:00,codjs,KeyEvent,65535:39:0,C++Programming,Editor,D:/PNU_2-1/C++Programming/HW/110_Exception_Stack/main.cpp,,17,15,Changes
2024-06-20T00:26:27.265+09:00,codjs,KeyEvent,65535:39:0,C++Programming,Editor,D:/PNU_2-1/C++Programming/HW/110_Exception_Stack/main.cpp,,17,16,Changes
2024-06-20T00:26:27.452+09:00,codjs,KeyEvent,65535:39:0,C++Programming,Editor,D:/PNU_2-1/C++Programming/HW/110_Exception_Stack/main.cpp,,17,17,Changes
2024-06-20T00:26:27.722+09:00,codjs,KeyEvent,65535:39:0,C++Programming,Editor,D:/PNU_2-1/C++Programming/HW/110_Exception_Stack/main.cpp,,17,18,Changes
2024-06-20T00:26:27.865+09:00,codjs,KeyEvent,65535:39:0,C++Programming,Editor,D:/PNU_2-1/C++Programming/HW/110_Exception_Stack/main.cpp,,17,19,Changes
2024-06-20T00:26:28.100+09:00,codjs,KeyEvent,65535:39:0,C++Programming,Editor,D:/PNU_2-1/C++Programming/HW/110_Exception_Stack/main.cpp,,17,20,Changes
2024-06-20T00:26:28.703+09:00,codjs,KeyEvent,51:51:0,C++Programming,Editor,D:/PNU_2-1/C++Programming/HW/110_Exception_Stack/main.cpp,,17,20,Changes
2024-06-20T00:26:28.766+09:00,codjs,KeyEvent,65535:40:0,C++Programming,Editor,D:/PNU_2-1/C++Programming/HW/110_Exception_Stack/main.cpp,,18,21,Changes
2024-06-20T00:26:29.007+09:00,codjs,KeyEvent,65535:37:0,C++Programming,Editor,D:/PNU_2-1/C++Programming/HW/110_Exception_Stack/main.cpp,,18,20,Changes
2024-06-20T00:26:29.537+09:00,codjs,KeyEvent,65535:37:0,C++Programming,Editor,D:/PNU_2-1/C++Programming/HW/110_Exception_Stack/main.cpp,,18,19,Changes
2024-06-20T00:26:29.570+09:00,codjs,KeyEvent,65535:37:0,C++Programming,Editor,D:/PNU_2-1/C++Programming/HW/110_Exception_Stack/main.cpp,,18,18,Changes
2024-06-20T00:26:29.602+09:00,codjs,KeyEvent,65535:37:0,C++Programming,Editor,D:/PNU_2-1/C++Programming/HW/110_Exception_Stack/main.cpp,,18,17,Changes
2024-06-20T00:26:29.636+09:00,codjs,KeyEvent,65535:37:0,C++Programming,Editor,D:/PNU_2-1/C++Programming/HW/110_Exception_Stack/main.cpp,,18,16,Changes
2024-06-20T00:26:29.668+09:00,codjs,KeyEvent,65535:37:0,C++Programming,Editor,D:/PNU_2-1/C++Programming/HW/110_Exception_Stack/main.cpp,,18,15,Changes
2024-06-20T00:26:29.705+09:00,codjs,KeyEvent,65535:37:0,C++Programming,Editor,D:/PNU_2-1/C++Programming/HW/110_Exception_Stack/main.cpp,,18,14,Changes
2024-06-20T00:26:29.741+09:00,codjs,KeyEvent,65535:37:0,C++Programming,Editor,D:/PNU_2-1/C++Programming/HW/110_Exception_Stack/main.cpp,,18,13,Changes
2024-06-20T00:26:29.773+09:00,codjs,KeyEvent,65535:37:0,C++Programming,Editor,D:/PNU_2-1/C++Programming/HW/110_Exception_Stack/main.cpp,,18,12,Changes
2024-06-20T00:26:29.935+09:00,codjs,KeyEvent,65535:39:0,C++Programming,Editor,D:/PNU_2-1/C++Programming/HW/110_Exception_Stack/main.cpp,,18,13,Changes
2024-06-20T00:26:30.186+09:00,codjs,KeyEvent,65535:37:0,C++Programming,Editor,D:/PNU_2-1/C++Programming/HW/110_Exception_Stack/main.cpp,,18,12,Changes
2024-06-20T00:26:30.342+09:00,codjs,KeyEvent,65535:37:0,C++Programming,Editor,D:/PNU_2-1/C++Programming/HW/110_Exception_Stack/main.cpp,,18,11,Changes
2024-06-20T00:26:30.459+09:00,codjs,KeyEvent,65535:37:0,C++Programming,Editor,D:/PNU_2-1/C++Programming/HW/110_Exception_Stack/main.cpp,,18,10,Changes
2024-06-20T00:26:30.618+09:00,codjs,KeyEvent,65535:37:0,C++Programming,Editor,D:/PNU_2-1/C++Programming/HW/110_Exception_Stack/main.cpp,,18,9,Changes
2024-06-20T00:26:30.869+09:00,codjs,KeyEvent,65535:39:0,C++Programming,Editor,D:/PNU_2-1/C++Programming/HW/110_Exception_Stack/main.cpp,,18,10,Changes
2024-06-20T00:26:31.251+09:00,codjs,KeyEvent,8:8:0,C++Programming,Editor,D:/PNU_2-1/C++Programming/HW/110_Exception_Stack/main.cpp,,18,9,Changes
2024-06-20T00:26:31.696+09:00,codjs,KeyEvent,51:51:0,C++Programming,Editor,D:/PNU_2-1/C++Programming/HW/110_Exception_Stack/main.cpp,,18,9,Changes
2024-06-20T00:26:31.869+09:00,codjs,KeyEvent,65535:40:0,C++Programming,Editor,D:/PNU_2-1/C++Programming/HW/110_Exception_Stack/main.cpp,,19,10,Changes
2024-06-20T00:26:32.635+09:00,codjs,KeyEvent,8:8:0,C++Programming,Editor,D:/PNU_2-1/C++Programming/HW/110_Exception_Stack/main.cpp,,19,9,Changes
2024-06-20T00:26:32.744+09:00,codjs,KeyEvent,51:51:0,C++Programming,Editor,D:/PNU_2-1/C++Programming/HW/110_Exception_Stack/main.cpp,,19,9,Changes
2024-06-20T00:26:33.053+09:00,codjs,KeyEvent,65535:38:0,C++Programming,Editor,D:/PNU_2-1/C++Programming/HW/110_Exception_Stack/main.cpp,,18,10,Changes
2024-06-20T00:26:33.123+09:00,codjs,KeyEvent,65535:40:0,C++Programming,Editor,D:/PNU_2-1/C++Programming/HW/110_Exception_Stack/main.cpp,,19,10,Changes
2024-06-20T00:26:33.451+09:00,codjs,KeyEvent,65535:40:0,C++Programming,Editor,D:/PNU_2-1/C++Programming/HW/110_Exception_Stack/main.cpp,,20,10,Changes
2024-06-20T00:26:33.885+09:00,codjs,KeyEvent,8:8:0,C++Programming,Editor,D:/PNU_2-1/C++Programming/HW/110_Exception_Stack/main.cpp,,20,9,Changes
2024-06-20T00:26:34.208+09:00,codjs,KeyEvent,51:51:0,C++Programming,Editor,D:/PNU_2-1/C++Programming/HW/110_Exception_Stack/main.cpp,,20,9,Changes
2024-06-20T00:26:34.348+09:00,codjs,KeyEvent,65535:40:0,C++Programming,Editor,D:/PNU_2-1/C++Programming/HW/110_Exception_Stack/main.cpp,,21,10,Changes
2024-06-20T00:26:34.823+09:00,codjs,KeyEvent,51:51:0,C++Programming,Editor,D:/PNU_2-1/C++Programming/HW/110_Exception_Stack/main.cpp,,21,10,Changes
2024-06-20T00:26:35.465+09:00,codjs,KeyEvent,8:8:0,C++Programming,Editor,D:/PNU_2-1/C++Programming/HW/110_Exception_Stack/main.cpp,,21,10,Changes
2024-06-20T00:26:35.591+09:00,codjs,KeyEvent,8:8:0,C++Programming,Editor,D:/PNU_2-1/C++Programming/HW/110_Exception_Stack/main.cpp,,21,9,Changes
2024-06-20T00:26:35.630+09:00,codjs,KeyEvent,51:51:0,C++Programming,Editor,D:/PNU_2-1/C++Programming/HW/110_Exception_Stack/main.cpp,,21,9,Changes
2024-06-20T00:26:36.091+09:00,codjs,KeyEvent,65535:38:0,C++Programming,Editor,D:/PNU_2-1/C++Programming/HW/110_Exception_Stack/main.cpp,,20,10,Changes
2024-06-20T00:26:36.336+09:00,codjs,KeyEvent,65535:38:0,C++Programming,Editor,D:/PNU_2-1/C++Programming/HW/110_Exception_Stack/main.cpp,,19,10,Changes
2024-06-20T00:26:36.606+09:00,codjs,KeyEvent,65535:38:0,C++Programming,Editor,D:/PNU_2-1/C++Programming/HW/110_Exception_Stack/main.cpp,,18,10,Changes
2024-06-20T00:26:36.873+09:00,codjs,KeyEvent,65535:39:0,C++Programming,Editor,D:/PNU_2-1/C++Programming/HW/110_Exception_Stack/main.cpp,,18,11,Changes
2024-06-20T00:26:37.398+09:00,codjs,KeyEvent,65535:39:0,C++Programming,Editor,D:/PNU_2-1/C++Programming/HW/110_Exception_Stack/main.cpp,,18,12,Changes
2024-06-20T00:26:37.424+09:00,codjs,KeyEvent,65535:39:0,C++Programming,Editor,D:/PNU_2-1/C++Programming/HW/110_Exception_Stack/main.cpp,,18,13,Changes
2024-06-20T00:26:37.457+09:00,codjs,KeyEvent,65535:39:0,C++Programming,Editor,D:/PNU_2-1/C++Programming/HW/110_Exception_Stack/main.cpp,,18,14,Changes
2024-06-20T00:26:37.492+09:00,codjs,KeyEvent,65535:39:0,C++Programming,Editor,D:/PNU_2-1/C++Programming/HW/110_Exception_Stack/main.cpp,,18,15,Changes
2024-06-20T00:26:37.525+09:00,codjs,KeyEvent,65535:39:0,C++Programming,Editor,D:/PNU_2-1/C++Programming/HW/110_Exception_Stack/main.cpp,,18,16,Changes
2024-06-20T00:26:37.557+09:00,codjs,KeyEvent,65535:39:0,C++Programming,Editor,D:/PNU_2-1/C++Programming/HW/110_Exception_Stack/main.cpp,,18,16,Changes
2024-06-20T00:26:37.593+09:00,codjs,KeyEvent,65535:39:0,C++Programming,Editor,D:/PNU_2-1/C++Programming/HW/110_Exception_Stack/main.cpp,,18,17,Changes
2024-06-20T00:26:37.625+09:00,codjs,KeyEvent,65535:39:0,C++Programming,Editor,D:/PNU_2-1/C++Programming/HW/110_Exception_Stack/main.cpp,,18,18,Changes
2024-06-20T00:26:37.661+09:00,codjs,KeyEvent,65535:39:0,C++Programming,Editor,D:/PNU_2-1/C++Programming/HW/110_Exception_Stack/main.cpp,,18,19,Changes
2024-06-20T00:26:37.695+09:00,codjs,KeyEvent,65535:39:0,C++Programming,Editor,D:/PNU_2-1/C++Programming/HW/110_Exception_Stack/main.cpp,,18,20,Changes
2024-06-20T00:26:37.728+09:00,codjs,KeyEvent,65535:39:0,C++Programming,Editor,D:/PNU_2-1/C++Programming/HW/110_Exception_Stack/main.cpp,,18,21,Changes
2024-06-20T00:26:37.761+09:00,codjs,KeyEvent,65535:39:0,C++Programming,Editor,D:/PNU_2-1/C++Programming/HW/110_Exception_Stack/main.cpp,,18,22,Changes
2024-06-20T00:26:37.796+09:00,codjs,KeyEvent,65535:39:0,C++Programming,Editor,D:/PNU_2-1/C++Programming/HW/110_Exception_Stack/main.cpp,,18,23,Changes
2024-06-20T00:26:37.828+09:00,codjs,KeyEvent,65535:39:0,C++Programming,Editor,D:/PNU_2-1/C++Programming/HW/110_Exception_Stack/main.cpp,,18,24,Changes
2024-06-20T00:26:37.866+09:00,codjs,KeyEvent,65535:39:0,C++Programming,Editor,D:/PNU_2-1/C++Programming/HW/110_Exception_Stack/main.cpp,,18,25,Changes
2024-06-20T00:26:37.901+09:00,codjs,KeyEvent,65535:39:0,C++Programming,Editor,D:/PNU_2-1/C++Programming/HW/110_Exception_Stack/main.cpp,,18,26,Changes
2024-06-20T00:26:37.999+09:00,codjs,KeyEvent,65535:39:0,C++Programming,Editor,D:/PNU_2-1/C++Programming/HW/110_Exception_Stack/main.cpp,,18,27,Changes
2024-06-20T00:26:38.159+09:00,codjs,KeyEvent,65535:39:0,C++Programming,Editor,D:/PNU_2-1/C++Programming/HW/110_Exception_Stack/main.cpp,,18,28,Changes
2024-06-20T00:26:38.410+09:00,codjs,KeyEvent,65535:39:0,C++Programming,Editor,D:/PNU_2-1/C++Programming/HW/110_Exception_Stack/main.cpp,,18,29,Changes
2024-06-20T00:26:38.635+09:00,codjs,KeyEvent,51:51:0,C++Programming,Editor,D:/PNU_2-1/C++Programming/HW/110_Exception_Stack/main.cpp,,18,29,Changes
2024-06-20T00:26:38.796+09:00,codjs,KeyEvent,65535:40:0,C++Programming,Editor,D:/PNU_2-1/C++Programming/HW/110_Exception_Stack/main.cpp,,19,19,Changes
2024-06-20T00:26:38.997+09:00,codjs,KeyEvent,65535:40:0,C++Programming,Editor,D:/PNU_2-1/C++Programming/HW/110_Exception_Stack/main.cpp,,20,32,Changes
2024-06-20T00:26:39.169+09:00,codjs,KeyEvent,65535:40:0,C++Programming,Editor,D:/PNU_2-1/C++Programming/HW/110_Exception_Stack/main.cpp,,21,17,Changes
2024-06-20T00:26:39.331+09:00,codjs,KeyEvent,65535:40:0,C++Programming,Editor,D:/PNU_2-1/C++Programming/HW/110_Exception_Stack/main.cpp,,22,0,Changes
2024-06-20T00:26:39.442+09:00,codjs,KeyEvent,65535:40:0,C++Programming,Editor,D:/PNU_2-1/C++Programming/HW/110_Exception_Stack/main.cpp,,23,25,Changes
2024-06-20T00:26:39.775+09:00,codjs,KeyEvent,65535:40:0,C++Programming,Editor,D:/PNU_2-1/C++Programming/HW/110_Exception_Stack/main.cpp,,24,30,Changes
2024-06-20T00:26:40.233+09:00,codjs,KeyEvent,65535:37:0,C++Programming,Editor,D:/PNU_2-1/C++Programming/HW/110_Exception_Stack/main.cpp,,24,29,Changes
2024-06-20T00:26:40.382+09:00,codjs,KeyEvent,65535:37:0,C++Programming,Editor,D:/PNU_2-1/C++Programming/HW/110_Exception_Stack/main.cpp,,24,28,Changes
2024-06-20T00:26:40.511+09:00,codjs,KeyEvent,65535:37:0,C++Programming,Editor,D:/PNU_2-1/C++Programming/HW/110_Exception_Stack/main.cpp,,24,27,Changes
2024-06-20T00:26:40.650+09:00,codjs,KeyEvent,65535:37:0,C++Programming,Editor,D:/PNU_2-1/C++Programming/HW/110_Exception_Stack/main.cpp,,24,26,Changes
2024-06-20T00:26:40.779+09:00,codjs,KeyEvent,65535:37:0,C++Programming,Editor,D:/PNU_2-1/C++Programming/HW/110_Exception_Stack/main.cpp,,24,25,Changes
2024-06-20T00:26:41.396+09:00,codjs,KeyEvent,52:52:0,C++Programming,Editor,D:/PNU_2-1/C++Programming/HW/110_Exception_Stack/main.cpp,,24,25,Changes
2024-06-20T00:26:41.460+09:00,codjs,KeyEvent,65535:40:0,C++Programming,Editor,D:/PNU_2-1/C++Programming/HW/110_Exception_Stack/main.cpp,,25,29,Changes
2024-06-20T00:26:41.907+09:00,codjs,KeyEvent,65535:37:0,C++Programming,Editor,D:/PNU_2-1/C++Programming/HW/110_Exception_Stack/main.cpp,,25,28,Changes
2024-06-20T00:26:42.049+09:00,codjs,KeyEvent,65535:37:0,C++Programming,Editor,D:/PNU_2-1/C++Programming/HW/110_Exception_Stack/main.cpp,,25,27,Changes
2024-06-20T00:26:42.190+09:00,codjs,KeyEvent,65535:37:0,C++Programming,Editor,D:/PNU_2-1/C++Programming/HW/110_Exception_Stack/main.cpp,,25,26,Changes
2024-06-20T00:26:42.537+09:00,codjs,KeyEvent,52:52:0,C++Programming,Editor,D:/PNU_2-1/C++Programming/HW/110_Exception_Stack/main.cpp,,25,26,Changes
2024-06-20T00:26:42.786+09:00,codjs,KeyEvent,65535:38:0,C++Programming,Editor,D:/PNU_2-1/C++Programming/HW/110_Exception_Stack/main.cpp,,24,24,Changes
2024-06-20T00:26:43.316+09:00,codjs,KeyEvent,65535:38:0,C++Programming,Editor,D:/PNU_2-1/C++Programming/HW/110_Exception_Stack/main.cpp,,23,23,Changes
2024-06-20T00:26:43.343+09:00,codjs,KeyEvent,65535:38:0,C++Programming,Editor,D:/PNU_2-1/C++Programming/HW/110_Exception_Stack/main.cpp,,22,0,Changes
2024-06-20T00:26:43.380+09:00,codjs,KeyEvent,65535:38:0,C++Programming,Editor,D:/PNU_2-1/C++Programming/HW/110_Exception_Stack/main.cpp,,21,17,Changes
2024-06-20T00:26:43.411+09:00,codjs,KeyEvent,65535:38:0,C++Programming,Editor,D:/PNU_2-1/C++Programming/HW/110_Exception_Stack/main.cpp,,20,27,Changes
2024-06-20T00:26:43.452+09:00,codjs,KeyEvent,65535:38:0,C++Programming,Editor,D:/PNU_2-1/C++Programming/HW/110_Exception_Stack/main.cpp,,19,19,Changes
2024-06-20T00:26:43.483+09:00,codjs,KeyEvent,65535:38:0,C++Programming,Editor,D:/PNU_2-1/C++Programming/HW/110_Exception_Stack/main.cpp,,18,24,Changes
2024-06-20T00:26:43.513+09:00,codjs,KeyEvent,65535:38:0,C++Programming,Editor,D:/PNU_2-1/C++Programming/HW/110_Exception_Stack/main.cpp,,17,23,Changes
2024-06-20T00:26:43.598+09:00,codjs,KeyEvent,65535:38:0,C++Programming,Editor,D:/PNU_2-1/C++Programming/HW/110_Exception_Stack/main.cpp,,16,0,Changes
2024-06-20T00:26:43.735+09:00,codjs,KeyEvent,65535:38:0,C++Programming,Editor,D:/PNU_2-1/C++Programming/HW/110_Exception_Stack/main.cpp,,15,19,Changes
2024-06-20T00:26:43.875+09:00,codjs,KeyEvent,65535:38:0,C++Programming,Editor,D:/PNU_2-1/C++Programming/HW/110_Exception_Stack/main.cpp,,14,21,Changes
2024-06-20T00:26:44.033+09:00,codjs,KeyEvent,65535:38:0,C++Programming,Editor,D:/PNU_2-1/C++Programming/HW/110_Exception_Stack/main.cpp,,13,21,Changes
2024-06-20T00:26:44.242+09:00,codjs,KeyEvent,65535:38:0,C++Programming,Editor,D:/PNU_2-1/C++Programming/HW/110_Exception_Stack/main.cpp,,12,23,Changes
2024-06-20T00:26:44.652+09:00,codjs,KeyEvent,65535:40:0,C++Programming,Editor,D:/PNU_2-1/C++Programming/HW/110_Exception_Stack/main.cpp,,13,21,Changes
2024-06-20T00:26:45.087+09:00,codjs,KeyEvent,65535:38:0,C++Programming,Editor,D:/PNU_2-1/C++Programming/HW/110_Exception_Stack/main.cpp,,12,23,Changes
2024-06-20T00:26:45.253+09:00,codjs,KeyEvent,65535:38:0,C++Programming,Editor,D:/PNU_2-1/C++Programming/HW/110_Exception_Stack/main.cpp,,11,0,Changes
2024-06-20T00:26:45.651+09:00,codjs,KeyEvent,65535:38:0,C++Programming,Editor,D:/PNU_2-1/C++Programming/HW/110_Exception_Stack/main.cpp,,10,19,Changes
2024-06-20T00:26:45.801+09:00,codjs,KeyEvent,65535:38:0,C++Programming,Editor,D:/PNU_2-1/C++Programming/HW/110_Exception_Stack/main.cpp,,9,27,Changes
2024-06-20T00:26:45.937+09:00,codjs,KeyEvent,65535:38:0,C++Programming,Editor,D:/PNU_2-1/C++Programming/HW/110_Exception_Stack/main.cpp,,8,21,Changes
2024-06-20T00:26:46.102+09:00,codjs,KeyEvent,65535:38:0,C++Programming,Editor,D:/PNU_2-1/C++Programming/HW/110_Exception_Stack/main.cpp,,7,23,Changes
2024-06-20T00:26:46.252+09:00,codjs,KeyEvent,65535:38:0,C++Programming,Editor,D:/PNU_2-1/C++Programming/HW/110_Exception_Stack/main.cpp,,6,11,Changes
2024-06-20T00:26:46.357+09:00,codjs,KeyEvent,65535:38:0,C++Programming,Editor,D:/PNU_2-1/C++Programming/HW/110_Exception_Stack/main.cpp,,5,0,Changes
2024-06-20T00:26:46.854+09:00,codjs,KeyEvent,65535:40:0,C++Programming,Editor,D:/PNU_2-1/C++Programming/HW/110_Exception_Stack/main.cpp,,6,11,Changes
2024-06-20T00:26:47.002+09:00,codjs,KeyEvent,65535:40:0,C++Programming,Editor,D:/PNU_2-1/C++Programming/HW/110_Exception_Stack/main.cpp,,7,23,Changes
2024-06-20T00:26:47.223+09:00,codjs,KeyEvent,65535:38:0,C++Programming,Editor,D:/PNU_2-1/C++Programming/HW/110_Exception_Stack/main.cpp,,6,11,Changes
2024-06-20T00:26:47.435+09:00,codjs,KeyEvent,65535:38:0,C++Programming,Editor,D:/PNU_2-1/C++Programming/HW/110_Exception_Stack/main.cpp,,5,0,Changes
2024-06-20T00:26:47.586+09:00,codjs,KeyEvent,65535:38:0,C++Programming,Editor,D:/PNU_2-1/C++Programming/HW/110_Exception_Stack/main.cpp,,4,27,Changes
2024-06-20T00:26:47.711+09:00,codjs,KeyEvent,65535:38:0,C++Programming,Editor,D:/PNU_2-1/C++Programming/HW/110_Exception_Stack/main.cpp,,3,18,Changes
2024-06-20T00:26:47.876+09:00,codjs,KeyEvent,65535:38:0,C++Programming,Editor,D:/PNU_2-1/C++Programming/HW/110_Exception_Stack/main.cpp,,2,2,Changes
2024-06-20T00:26:48.189+09:00,codjs,KeyEvent,65535:38:0,C++Programming,Editor,D:/PNU_2-1/C++Programming/HW/110_Exception_Stack/main.cpp,,1,27,Changes
2024-06-20T00:26:48.736+09:00,codjs,KeyEvent,65535:40:0,C++Programming,Editor,D:/PNU_2-1/C++Programming/HW/110_Exception_Stack/main.cpp,,2,2,Changes
2024-06-20T00:26:48.898+09:00,codjs,KeyEvent,65535:40:0,C++Programming,Editor,D:/PNU_2-1/C++Programming/HW/110_Exception_Stack/main.cpp,,3,18,Changes
2024-06-20T00:26:49.057+09:00,codjs,KeyEvent,65535:40:0,C++Programming,Editor,D:/PNU_2-1/C++Programming/HW/110_Exception_Stack/main.cpp,,4,27,Changes
2024-06-20T00:26:49.175+09:00,codjs,KeyEvent,65535:40:0,C++Programming,Editor,D:/PNU_2-1/C++Programming/HW/110_Exception_Stack/main.cpp,,5,0,Changes
2024-06-20T00:26:49.940+09:00,codjs,KeyEvent,65535:40:0,C++Programming,Editor,D:/PNU_2-1/C++Programming/HW/110_Exception_Stack/main.cpp,,6,11,Changes
2024-06-20T00:26:50.114+09:00,codjs,KeyEvent,65535:40:0,C++Programming,Editor,D:/PNU_2-1/C++Programming/HW/110_Exception_Stack/main.cpp,,7,23,Changes
2024-06-20T00:26:50.282+09:00,codjs,KeyEvent,65535:40:0,C++Programming,Editor,D:/PNU_2-1/C++Programming/HW/110_Exception_Stack/main.cpp,,8,21,Changes
2024-06-20T00:26:50.589+09:00,codjs,KeyEvent,65535:40:0,C++Programming,Editor,D:/PNU_2-1/C++Programming/HW/110_Exception_Stack/main.cpp,,9,27,Changes
2024-06-20T00:26:50.781+09:00,codjs,KeyEvent,65535:40:0,C++Programming,Editor,D:/PNU_2-1/C++Programming/HW/110_Exception_Stack/main.cpp,,10,19,Changes
2024-06-20T00:26:50.944+09:00,codjs,KeyEvent,65535:40:0,C++Programming,Editor,D:/PNU_2-1/C++Programming/HW/110_Exception_Stack/main.cpp,,11,0,Changes
2024-06-20T00:26:51.109+09:00,codjs,KeyEvent,65535:40:0,C++Programming,Editor,D:/PNU_2-1/C++Programming/HW/110_Exception_Stack/main.cpp,,12,23,Changes
2024-06-20T00:26:51.355+09:00,codjs,KeyEvent,65535:40:0,C++Programming,Editor,D:/PNU_2-1/C++Programming/HW/110_Exception_Stack/main.cpp,,13,21,Changes
2024-06-20T00:26:51.513+09:00,codjs,KeyEvent,65535:40:0,C++Programming,Editor,D:/PNU_2-1/C++Programming/HW/110_Exception_Stack/main.cpp,,14,21,Changes
2024-06-20T00:26:51.708+09:00,codjs,KeyEvent,65535:40:0,C++Programming,Editor,D:/PNU_2-1/C++Programming/HW/110_Exception_Stack/main.cpp,,15,19,Changes
2024-06-20T00:26:51.902+09:00,codjs,KeyEvent,65535:40:0,C++Programming,Editor,D:/PNU_2-1/C++Programming/HW/110_Exception_Stack/main.cpp,,16,0,Changes
2024-06-20T00:26:52.095+09:00,codjs,KeyEvent,65535:40:0,C++Programming,Editor,D:/PNU_2-1/C++Programming/HW/110_Exception_Stack/main.cpp,,17,23,Changes
2024-06-20T00:26:52.278+09:00,codjs,KeyEvent,65535:40:0,C++Programming,Editor,D:/PNU_2-1/C++Programming/HW/110_Exception_Stack/main.cpp,,18,24,Changes
2024-06-20T00:26:52.435+09:00,codjs,KeyEvent,65535:40:0,C++Programming,Editor,D:/PNU_2-1/C++Programming/HW/110_Exception_Stack/main.cpp,,19,19,Changes
2024-06-20T00:26:52.608+09:00,codjs,KeyEvent,65535:40:0,C++Programming,Editor,D:/PNU_2-1/C++Programming/HW/110_Exception_Stack/main.cpp,,20,27,Changes
2024-06-20T00:26:59.115+09:00,codjs,KeyEvent,65535:17:2,C++Programming,Editor,D:/PNU_2-1/C++Programming/HW/110_Exception_Stack/main.cpp,,7,4,Changes
2024-06-20T00:26:59.197+09:00,codjs,KeyEvent,47:47:2,C++Programming,Editor,D:/PNU_2-1/C++Programming/HW/110_Exception_Stack/main.cpp,,7,6,Changes
2024-06-20T00:27:02.646+09:00,codjs,KeyEvent,65535:17:2,C++Programming,Editor,D:/PNU_2-1/C++Programming/HW/110_Exception_Stack/main.cpp,,17,4,Changes
2024-06-20T00:27:02.708+09:00,codjs,KeyEvent,47:47:2,C++Programming,Editor,D:/PNU_2-1/C++Programming/HW/110_Exception_Stack/main.cpp,,17,6,Changes
2024-06-20T00:27:05.323+09:00,codjs,KeyEvent,65535:17:2,C++Programming,Editor,D:/PNU_2-1/C++Programming/HW/110_Exception_Stack/main.cpp,,16,0,Changes
2024-06-20T00:27:05.393+09:00,codjs,KeyEvent,65535:16:3,C++Programming,Editor,D:/PNU_2-1/C++Programming/HW/110_Exception_Stack/main.cpp,,16,0,Changes
2024-06-20T00:27:05.472+09:00,codjs,KeyEvent,65535:121:3,C++Programming,Editor,D:/PNU_2-1/C++Programming/HW/110_Exception_Stack/main.cpp,,16,0,Changes
